ANNEE,CODE DU POINT DE VENTE,Code IDH,RAISON SOCIALE,CODE POSTAL,VILLE,CODE Chef de secteur,RAYON,NATURE,TYPE ACCORD,"STATUT
ACCORD",MODALITÉS,PAIEMENT,PÉRIODE,"BUDGET
ACCORD
HT €"
2023,20r81,134129,LEROY MERLIN - 069,80085,AMIENS,521,Peinture,Promo,,Signé,Valeur Fixe,PP,,"  2 050,00 € "
2022,20r81,134129,LEROY MERLIN - 069,80085,AMIENS,521,Peinture,Promo,CROSS MKT REVTS MUR-PLAFONDS-PLANCHERS,,,,,"  100,00 € "
2022,20r81,134129,LEROY MERLIN - 069,80085,AMIENS,521,Peinture,Promo,PODIUM COLLES & MASTICS,,,,,"  560,00 € "
2022,20rh8,107262,LEROY MERLIN,90400,Andelnans,323,Peinture,Promo,TG CAISSE SG3 + POWER TAPE,,,,,"  800,00 € "
2022,20rh8,107262,LEROY MERLIN,90400,Andelnans,323,Peinture,Promo,CROSS MKT MASTIC COLLES CROSS ET GONDOLE BASSE,,,,,"  4 500,00 € "
2023,20r24,974089,LEROY MERLIN - 154,74112,ANNEMASSE CEDEX,323,Peinture,Permanent,Cross,Signé,Valeur Fixe,PP,,"  3 500,00 € "
2022,20r24,974089,LEROY MERLIN - 154,74112,ANNEMASSE CEDEX,323,Peinture,Permanent,CROSS MKT COLLES & SILICONES,,,,,"  2 400,00 € "
2023,20ppt,107246,LEROY MERLIN - 048,62000,ARRAS,521,Peinture,Promo,,Signé,Valeur Fixe,PP,Trimestre 3,"  1 280,00 € "
2023,20ppt,107246,LEROY MERLIN - 048,62000,ARRAS,521,Menuiserie,Permanent,TG/Podium,Signé,Valeur Fixe,PP,,"  450,00 € "
2023,20ppt,107246,LEROY MERLIN - 048,62000,ARRAS,521,Peinture,Promo,,Signé,Valeur Fixe,PP,Trimestre 4,"  1 095,00 € "
2022,20ppt,107246,LEROY MERLIN - 048,62000,ARRAS,521,Peinture,Permanent,CROSS MKT COLLES,,,,,"  1 700,00 € "
2022,20ppt,107246,LEROY MERLIN - 048,62000,ARRAS,521,Peinture,Permanent,CROSS MKT COLLES & MASTICS,,,,,"  1 050,00 € "
2023,20n7d,700831,LEROY MERLIN - 140,13400,AUBAGNE,379,Plomberie,Permanent,,Engagé,Valeur Fixe,PP,Année complète,"  2 000,00 € "
2023,20n7d,700831,LEROY MERLIN - 140,13400,AUBAGNE,379,Peinture,Promo,TG/Podium,Engagé,Valeur Fixe,PP,Ponctuelle,"  1 000,00 € "
2023,20n7d,700831,LEROY MERLIN - 140,13400,AUBAGNE,379,Peinture,Permanent,TG/Podium,Engagé,Valeur Fixe,PP,Semestre 1,"  750,00 € "
2023,20n7d,700831,LEROY MERLIN - 140,13400,AUBAGNE,379,Peinture,Permanent,TG Caisses,Engagé,Valeur Fixe,PP,Semestre 1,"  1 200,00 € "
2023,20n7d,700831,LEROY MERLIN - 140,13400,AUBAGNE,379,Peinture,Permanent,TG Caisses,Engagé,Valeur Fixe,PP,Semestre 2,"  1 200,00 € "
2023,20n7d,700831,LEROY MERLIN - 140,13400,AUBAGNE,379,Peinture,Permanent,TG/Podium,Engagé,Valeur Fixe,PP,Semestre 2,"  750,00 € "
2022,20n7d,700831,LEROY MERLIN - 140,13400,AUBAGNE,379,Peinture,Permanent,TG ISOL & ETANCH,,,,,"  1 000,00 € "
2022,20n7d,700831,LEROY MERLIN - 140,13400,AUBAGNE,379,Peinture,Permanent,TG COLLES,,,,,"  250,00 € "
2022,20n7d,700831,LEROY MERLIN - 140,13400,AUBAGNE,379,Peinture,Promo,TG CAISSE COLLES,,,,,"  1 225,00 € "
2022,20n7d,700831,LEROY MERLIN - 140,13400,AUBAGNE,379,Peinture,Permanent,TG COLLES,,,,,"  1 775,00 € "
2022,20n7d,700831,LEROY MERLIN - 140,13400,AUBAGNE,379,Peinture,Permanent,TG CAISSE COLLES,,,,,"  1 225,00 € "
2022,20n7d,700831,LEROY MERLIN - 140,13400,AUBAGNE,379,Peinture,Permanent,TG COLLES,,,,,"  1 775,00 € "
2022,20n7d,700831,LEROY MERLIN - 140,13400,AUBAGNE,379,Peinture,Permanent,TG MASTICS & COLLES,,,,,"  1 200,00 € "
2023,20ntu,521707,LEROY MERLIN - 110,31130,BALMA CEDEX,412,Peinture,Permanent,TG Caisses,Engagé,Valeur Fixe,PP,Année complète,"  4 320,00 € "
2023,20ntu,521707,LEROY MERLIN - 110,31130,BALMA CEDEX,412,Peinture,Permanent,TG/Podium,Engagé,Valeur Fixe,PP,Année complète,"  3 750,00 € "
2022,20ntu,521707,LEROY MERLIN - 110,31130,BALMA CEDEX,412,Peinture,Permanent,CROSS MKT COLLES,,,,,"  1 200,00 € "
2022,20ntu,521707,LEROY MERLIN - 110,31130,BALMA CEDEX,412,Peinture,Permanent,TG COLLES,,,,,"  1 500,00 € "
2022,20ntu,521707,LEROY MERLIN - 110,31130,BALMA CEDEX,412,Peinture,Permanent,TG CAISSE COLLES,,,,,"  6 000,00 € "
2023,20pty,292155,LEROY MERLIN - 071,64100,BAYONNE,413,Peinture,Promo,Promotion,Signé,Valeur Fixe,PP,Ponctuelle,"  98,00 € "
2023,20pty,292155,LEROY MERLIN - 071,64100,BAYONNE,413,Peinture,Promo,,Engagé,% CA Annuel Direct,PP,Ponctuelle,"  136,66 € "
2023,20pty,292155,LEROY MERLIN - 071,64100,BAYONNE,413,Peinture,Promo,TG/Podium,Signé,Valeur Fixe,PP,Ponctuelle,"  292,50 € "
2023,20pty,292155,LEROY MERLIN - 071,64100,BAYONNE,413,Menuiserie,Promo,Cross,Signé,Valeur Fixe,PP,Ponctuelle,"  400,00 € "
2023,20pty,292155,LEROY MERLIN - 071,64100,BAYONNE,413,Peinture,Promo,Promotion,Signé,Valeur Fixe,PP,Ponctuelle,"  291,00 € "
2023,20pty,292155,LEROY MERLIN - 071,64100,BAYONNE,413,Peinture,Promo,Cross,Signé,Valeur Fixe,PP,Ponctuelle,"  58,00 € "
2023,20pty,292155,LEROY MERLIN - 071,64100,BAYONNE,413,Peinture,Permanent,TG Caisses,Signé,Valeur Fixe,PP,Semestre 2,"  800,00 € "
2022,20pty,292155,LEROY MERLIN - 071,64100,BAYONNE,413,Peinture,Permanent,CROSS MKT ISOLATION & ETANCHEITE,,,,,"  939,00 € "
2022,20pty,292155,LEROY MERLIN - 071,64100,BAYONNE,413,Peinture,Permanent,CROSS MKT ISOLATION & ETANCHEITE,,,,,"  200,59 € "
2022,20pty,292155,LEROY MERLIN - 071,64100,BAYONNE,413,Peinture,Permanent,CROSS MKT PEINTURE EXTERIEURE,,,,,"  110,94 € "
2022,20pty,292155,LEROY MERLIN - 071,64100,BAYONNE,413,Peinture,Promo,TG ISOLATION & ETANCHEITE ABHU,,,,,"  135,21 € "
2022,20pty,292155,LEROY MERLIN - 071,64100,BAYONNE,413,Peinture,Permanent,CROSS MKT ISOLATION & ETANCHEITE,,,,,"  207,10 € "
2022,20pty,292155,LEROY MERLIN - 071,64100,BAYONNE,413,Peinture,Permanent,CROSS MKT ISOLATION & ETANCHEITE,,,,,"  456,00 € "
2023,20pp5,2395543,LEROY MERLIN - 191,60000,BEAUVAIS,521,Peinture,Promo,,Signé,Valeur Fixe,PP,,"  1 600,00 € "
2022,20pp5,2395543,LEROY MERLIN - 191,60000,BEAUVAIS,521,Peinture,Promo,PODIUM COLLES,,,,,"  400,00 € "
2023,20nkn,1224207,LEROY MERLIN - 162,25000,BESANCON,323,Peinture,Permanent,Pack Visibilité GSB,Signé,Valeur Fixe,PP,,"  3 200,00 € "
2023,20nzm,807951,LEROY MERLIN - 147,35830,BETTON,497,Peinture,Permanent,Cross,Signé,Valeur Fixe,PP,,"  600,00 € "
2023,20nzm,807951,LEROY MERLIN - 147,35830,BETTON,497,Peinture,Promo,TG/Podium,Signé,Valeur Fixe,PP,Ponctuelle,"  125,00 € "
2022,20nzm,807951,LEROY MERLIN - 147,35830,BETTON,497,Peinture,Promo,TG ISOLATION & ETANCHEITE,,,,,"  600,00 € "
2022,20nzm,807951,LEROY MERLIN - 147,35830,BETTON,497,Peinture,Permanent,CROSS MKT EVACUATION,,,,,"  150,00 € "
2023,20nx4,1641725,LEROY MERLIN - 173,33380,BIGANOS,414,Peinture,Permanent,Cross,Signé,Valeur Fixe,PP,Année complète,"  1 700,00 € "
2023,20nx4,1641725,LEROY MERLIN - 173,33380,BIGANOS,414,Plomberie,Promo,Promotion,Engagé,,PP,Ponctuelle,"  450,00 € "
2022,20nx4,1641725,LEROY MERLIN - 173,33380,BIGANOS,414,Peinture,Permanent,CROSS MKT COLLES,,,,,"  850,00 € "
2022,20nx4,1641725,LEROY MERLIN - 173,33380,BIGANOS,414,Peinture,Permanent,CROSS MKT COLLES,,,,,"  850,00 € "
2023,20p4a,2259609,LEROY MERLIN - 187,41000,BLOIS,497,Menuiserie,Permanent,Cross,Signé,Valeur Fixe,PP,Année complète,"  300,00 € "
2023,20p4a,2259609,LEROY MERLIN - 187,41000,BLOIS,497,Peinture,Permanent,Cross,Signé,Valeur Fixe,PP,Année complète,"  1 400,00 € "
2023,20p4a,2259609,LEROY MERLIN - 187,41000,BLOIS,497,Peinture,Promo,,Signé,Valeur Fixe,PP,Semestre 2,"  50,00 € "
2022,20p4a,2259609,LEROY MERLIN - 187,41000,BLOIS,497,Peinture,Permanent,TG NCNV,,,,,"  268,00 € "
2022,20p4a,2259609,LEROY MERLIN - 187,41000,BLOIS,497,Peinture,Promo,CROSS MKT COLLES,,,,,"  1 400,00 € "
2022,20p4a,2259609,LEROY MERLIN - 187,41000,BLOIS,497,Peinture,Permanent,TG ISOLATION & ETANCHEITE,,,,,"  120,00 € "
2022,20p4a,2259609,LEROY MERLIN - 187,41000,BLOIS,497,Peinture,Promo,CROSS MKT ALIMENTATION,,,,,"  450,00 € "
2023,20pa0,1781965,LEROY MERLIN - 176,47550,BOE,412,Peinture,Permanent,TG Caisses,Engagé,Valeur Fixe,PP,Année complète,"  1 632,00 € "
2023,20pa0,1781965,LEROY MERLIN - 176,47550,BOE,412,Peinture,Permanent,TG/Podium,Engagé,Valeur Fixe,,Année complète,"  1 400,00 € "
2022,20pa0,1781965,LEROY MERLIN - 176,47550,BOE,412,Peinture,Permanent,TG CAISSE COLLES,,,,,"  960,00 € "
2022,20pa0,1781965,LEROY MERLIN - 176,47550,BOE,412,Peinture,Permanent,CROSS MKT MASTICS & COLLES,,,,,"  1 400,00 € "
2023,20r5r,911126,LEROY MERLIN - 143,78390,BOIS D ARCY,311,Peinture,Permanent,TG/Podium,Signé,Valeur Fixe,PP,,"  9 933,00 € "
2023,20r5r,911126,LEROY MERLIN - 143,78390,BOIS D ARCY,311,Peinture,Permanent,TG/Podium,Signé,Valeur Fixe,PP,,"  9 933,00 € "
2023,20r5r,911126,LEROY MERLIN - 143,78390,BOIS D ARCY,311,Peinture,Permanent,TG/Podium,Signé,Valeur Fixe,PP,,"  9 934,00 € "
2023,20r5r,911126,LEROY MERLIN - 143,78390,BOIS D ARCY,311,Plomberie,Permanent,Cross,Signé,Valeur Fixe,PP,,"  2 000,00 € "
2022,20r5r,911126,LEROY MERLIN - 143,78390,BOIS D ARCY,311,Peinture,Permanent,PODIUM ISOL & ETANCH,,,,,"  2 500,00 € "
2022,20r5r,911126,LEROY MERLIN - 143,78390,BOIS D ARCY,311,Peinture,Permanent,CROSS MKT ISOL & ETANCH,,,,,"  5 325,00 € "
2022,20r5r,911126,LEROY MERLIN - 143,78390,BOIS D ARCY,311,Peinture,Permanent,CROSS MKT ISOL & ETANCH,,,,,"  5 325,00 € "
2022,20r5r,911126,LEROY MERLIN - 143,78390,BOIS D ARCY,311,Peinture,Permanent,CROSS MKT ISOL & ETANCH,,,,,"  5 325,00 € "
2022,20r5r,911126,LEROY MERLIN - 143,78390,BOIS D ARCY,311,Peinture,Permanent,TG ISOLATION & ETANCHEITE,,,,,"  5 000,00 € "
2022,20r5r,911126,LEROY MERLIN - 143,78390,BOIS D ARCY,311,Peinture,Permanent,CROSS MKT ISOL & ETANCH,,,,,"  5 325,00 € "
2023,20rkk,134121,LEROY MERLIN - 022,94380,BONNEUIL,283,Peinture,Permanent,,Signé,Valeur Fixe,PP,Semestre 1,"  4 310,00 € "
2023,20rkk,134121,LEROY MERLIN - 022,94380,BONNEUIL,283,Peinture,Permanent,,Signé,Valeur Fixe,PP,Semestre 2,"  4 310,00 € "
2023,20rkk,134121,LEROY MERLIN - 022,94380,BONNEUIL,283,Plomberie,Permanent,,Signé,Valeur Fixe,PP,Semestre 1,"  1 500,00 € "
2023,20rkk,134121,LEROY MERLIN - 022,94380,BONNEUIL,283,Plomberie,Permanent,,Signé,Valeur Fixe,PP,Semestre 2,"  1 500,00 € "
2023,20rkk,134121,LEROY MERLIN - 022,94380,BONNEUIL,283,Menuiserie,Permanent,,Signé,Valeur Fixe,PP,Année complète,"  1 200,00 € "
2022,20rkk,134121,LEROY MERLIN - 022,94380,BONNEUIL,283,Peinture,Permanent,CROSS MKT ISOL & ETANCH,,,,,"  1 000,00 € "
2022,20rkk,134121,LEROY MERLIN - 022,94380,BONNEUIL,283,Peinture,Permanent,CROSS MKT ISOL & ETANCH,,,,,"  1 000,00 € "
2022,20rkk,134121,LEROY MERLIN - 022,94380,BONNEUIL,283,Peinture,Permanent,CROSS MKT ISOL & ETANCH,,,,,"  1 000,00 € "
2022,20rkk,134121,LEROY MERLIN - 022,94380,BONNEUIL,283,Peinture,Permanent,CROSS MKT RUBSON MASTIC,,,,,"  1 300,00 € "
2022,20rkk,134121,LEROY MERLIN - 022,94380,BONNEUIL,283,Peinture,Permanent,CROSS MKT ISOL & ETANCH,,,,,"  1 000,00 € "
2022,20rkk,134121,LEROY MERLIN - 022,94380,BONNEUIL,283,Plomberie,Permanent,CROSS MKT RUBSON MASTIC,,,,,"  1 300,00 € "
2022,20rkk,134121,LEROY MERLIN - 022,94380,BONNEUIL,283,Peinture,Permanent,CROSS MKT ISOLATION & ETANCHEITE,,,,,"  400,00 € "
2023,20nvb,814181,LEROY MERLIN - 151,33270,BOULIAC,414,Peinture,Promo,TG/Podium,Signé,Valeur Fixe,PP,Ponctuelle,"  300,00 € "
2023,20nvb,814181,LEROY MERLIN - 151,33270,BOULIAC,414,Peinture,Permanent,Pack Visibilité GSB,Signé,Valeur Fixe,PP,,"  3 500,00 € "
2023,20nvb,814181,LEROY MERLIN - 151,33270,BOULIAC,414,Menuiserie,Promo,Cross,Signé,Valeur Fixe,PP,Ponctuelle,"  255,00 € "
2023,20nvb,814181,LEROY MERLIN - 151,33270,BOULIAC,414,Peinture,Promo,TG/Podium,Signé,Valeur Fixe,PP,Ponctuelle,"  1 837,00 € "
2022,20nvb,814181,LEROY MERLIN - 151,33270,BOULIAC,414,Peinture,Promo,CROSS MKT COLLES,,,,,"  2 000,00 € "
2022,20nvb,814181,LEROY MERLIN - 151,33270,BOULIAC,414,Peinture,Permanent,TG COLLES,,,,,"  1 760,00 € "
2022,20nvb,814181,LEROY MERLIN - 151,33270,BOULIAC,414,Menuiserie,Promo,CROSS MKT COLLES,,,,,"  1 500,00 € "
2022,20nvb,814181,LEROY MERLIN - 151,33270,BOULIAC,414,Peinture,Promo,TG COLLES,,,,,"  1 000,00 € "
2023,20r4x,151546,LEROY MERLIN - 077,77170,BRIE COMTE ROBERT,283,Peinture,Permanent,,Signé,Valeur Fixe,PP,Semestre 2,"  2 375,00 € "
2023,20r4x,151546,LEROY MERLIN - 077,77170,BRIE COMTE ROBERT,283,Peinture,Permanent,,Signé,Valeur Fixe,PP,Semestre 1,"  3 875,00 € "
2023,20r4x,151546,LEROY MERLIN - 077,77170,BRIE COMTE ROBERT,283,Menuiserie,Permanent,,Signé,% CA Annuel Direct,PP,Semestre 1,"  450,00 € "
2023,20r4x,151546,LEROY MERLIN - 077,77170,BRIE COMTE ROBERT,283,Peinture,Promo,,Signé,Valeur Fixe,PP,Semestre 2,"  1 500,00 € "
2023,20r4x,151546,LEROY MERLIN - 077,77170,BRIE COMTE ROBERT,283,Plomberie,Permanent,,Signé,Valeur Fixe,PP,Semestre 1,"  1 250,00 € "
2023,20r4x,151546,LEROY MERLIN - 077,77170,BRIE COMTE ROBERT,283,Plomberie,Permanent,,Signé,Valeur Fixe,PP,Semestre 2,"  1 250,00 € "
2022,20r4x,151546,LEROY MERLIN - 077,77170,BRIE COMTE ROBERT,283,Peinture,Permanent,PODIUM ISOL & ETANCH,,,,,"  470,00 € "
2022,20r4x,151546,LEROY MERLIN - 077,77170,BRIE COMTE ROBERT,283,Peinture,Permanent,CROSS MKT ISOL & ETANCH,,,,,"  3 875,00 € "
2022,20r4x,151546,LEROY MERLIN - 077,77170,BRIE COMTE ROBERT,283,Menuiserie,Permanent,CROSS MKT ISOL & ETANCH,,,,,"  3 875,00 € "
2022,20r4x,151546,LEROY MERLIN - 077,77170,BRIE COMTE ROBERT,283,Peinture,Promo,CROSS MKT COLLES,,,,,"  1 500,00 € "
2022,20r4x,151546,LEROY MERLIN - 077,77170,BRIE COMTE ROBERT,283,Plomberie,Permanent,CROSS MKT RUBSON SILICONE,,,,,"  1 250,00 € "
2023,20r6a,2395533,LEROY MERLIN - 188,78200,BUCHELAY,311,Peinture,Permanent,,Signé,Valeur Fixe,PP,Année complète,"  5 160,00 € "
2023,20n84,107259,LEROY MERLIN - 066,13480,CABRIES,379,Plomberie,Permanent,TG/Podium,Signé,Valeur Fixe,PP,Semestre 1,"  800,00 € "
2023,20n84,107259,LEROY MERLIN - 066,13480,CABRIES,379,Plomberie,Permanent,TG/Podium,Signé,Valeur Fixe,PP,Semestre 2,"  800,00 € "
2022,20n84,107259,LEROY MERLIN - 066,13480,CABRIES,379,Plomberie,Permanent,TG CARTOUCHE & AEROSOL RUBSON,,,,,"  800,00 € "
2022,20n84,107259,LEROY MERLIN - 066,13480,CABRIES,379,Plomberie,Permanent,TG CARTOUCHE & AEROSOL RUBSON,,,,,"  800,00 € "
2023,20ppu,1162365,LEROY MERLIN - 159,62100,CALAIS,499,Menuiserie,Permanent,,Signé,Valeur Fixe,PP,Semestre 1,"  157,50 € "
2023,20ppu,1162365,LEROY MERLIN - 159,62100,CALAIS,499,Peinture,Promo,,Signé,Valeur Fixe,PP,Ponctuelle,"  280,00 € "
2023,20ppu,1162365,LEROY MERLIN - 159,62100,CALAIS,499,Peinture,Promo,,Signé,Valeur Fixe,PP,Ponctuelle,"  846,00 € "
2023,20ppu,1162365,LEROY MERLIN - 159,62100,CALAIS,499,Menuiserie,Permanent,,Signé,Valeur Fixe,PP,Semestre 2,"  157,50 € "
2022,20ppu,1162365,LEROY MERLIN - 159,62100,CALAIS,499,Peinture,Promo,CROSS MKT ISOLATION & ETANCHEITE RUBSON MASTIC NCNV,,,,,"  402,00 € "
2022,20ppu,1162365,LEROY MERLIN - 159,62100,CALAIS,499,Peinture,Promo,CROSS MKT ISOLATION & ETANCHEITE RUBSON MASTIC/PATTEX COLLE,,,,,"  858,24 € "
2023,20r4z,1353362,LEROY MERLIN - 163,77247,CESSON CEDEX,283,Peinture,Promo,TG/Podium,Signé,Valeur Fixe,PP,,"  500,00 € "
2023,20r4z,1353362,LEROY MERLIN - 163,77247,CESSON CEDEX,283,Peinture,Permanent,TG/Podium,Signé,Valeur Fixe,PP,,"  5 500,00 € "
2023,20r4z,1353362,LEROY MERLIN - 163,77247,CESSON CEDEX,283,Peinture,Permanent,TG/Podium,Signé,Valeur Fixe,PP,,"  5 500,00 € "
2023,20r4z,1353362,LEROY MERLIN - 163,77247,CESSON CEDEX,283,Plomberie,Permanent,,Signé,Valeur Fixe,PP,Semestre 2,"  2 400,00 € "
2022,20r4z,1353362,LEROY MERLIN - 163,77247,CESSON CEDEX,283,Peinture,Promo,CROSS MKT RUBSON,,,,,"  2 100,00 € "
2022,20r4z,1353362,LEROY MERLIN - 163,77247,CESSON CEDEX,283,Peinture,Permanent,CROSS MKT COLLES,,,,,"  550,00 € "
2022,20r4z,1353362,LEROY MERLIN - 163,77247,CESSON CEDEX,283,Peinture,Permanent,PODIUM SILICONE,,,,,"  600,00 € "
2022,20r4z,1353362,LEROY MERLIN - 163,77247,CESSON CEDEX,283,Plomberie,Permanent,TG COLLES,,,,,"  400,00 € "
2023,20p0d,107225,LEROY MERLIN - 025,37174,CHAMBRAY LES TOURS,460,Peinture,Promo,TG/Podium,Engagé,Valeur Fixe,PP,Ponctuelle,"  400,00 € "
2023,20pf5,107252,LEROY MERLIN - 056,54250,CHAMPIGNEULLES,325,Peinture,Permanent,TG/Podium,Signé,Valeur Fixe,PP,,"  4 000,00 € "
2022,20pf5,107252,LEROY MERLIN - 056,54250,CHAMPIGNEULLES,325,Peinture,Permanent,CROSS MKT COLLES,,,,,"  4 000,00 € "
2023,20nk6,948547,LEROY MERLIN - 155,24650,CHANCELADE,414,Peinture,Promo,Promotion,Signé,,PP,Ponctuelle,"  1 400,00 € "
2023,20nyc,107210,LEROY MERLIN - 005,35135,CHANTEPIE,497,Plomberie,Permanent,TG Caisses,Signé,Valeur Fixe,PP,Année complète,"  100,00 € "
2023,20nyc,107210,LEROY MERLIN - 005,35135,CHANTEPIE,497,Peinture,Permanent,Cross,Engagé,Valeur Fixe,PP,Semestre 1,"  1 500,00 € "
2023,20nyc,107210,LEROY MERLIN - 005,35135,CHANTEPIE,497,Plomberie,Permanent,Cross,Signé,Valeur Fixe,PP,,"  150,00 € "
2023,20nyc,107210,LEROY MERLIN - 005,35135,CHANTEPIE,497,Plomberie,Permanent,TG/Podium,Signé,Valeur Fixe,PP,,"  500,00 € "
2023,20nyc,107210,LEROY MERLIN - 005,35135,CHANTEPIE,497,Peinture,Permanent,,Signé,,PP,,"  2 200,00 € "
2022,20nyc,107210,LEROY MERLIN - 005,35135,CHANTEPIE,497,Peinture,Permanent,TG COLLES,,,,,"  3 600,00 € "
2022,20nyc,107210,LEROY MERLIN - 005,35135,CHANTEPIE,497,Peinture,Permanent,TG MASTIC+MOUSSE,,,,,"  500,00 € "
2023,20n5h,107238,LEROY MERLIN - 039,08000,CHARLEVILLE MEZIERES,536,Peinture,Permanent,Cross,Signé,Valeur Fixe,PP,,"  3 000,00 € "
2022,20n5h,107238,LEROY MERLIN - 039,08000,CHARLEVILLE MEZIERES,536,Peinture,Permanent,PODIUM ISOL & ETANCH,,,,,"  3 500,00 € "
2023,20nny,107236,LEROY MERLIN - 036,28000,CHARTRES,497,Peinture,Permanent,Cross,Signé,Valeur Fixe,PP,Année complète,"  600,00 € "
2023,20nny,107236,LEROY MERLIN - 036,28000,CHARTRES,497,Peinture,Promo,TG Caisses,Signé,Valeur Fixe,PP,Ponctuelle,"  200,00 € "
2022,20nny,107236,LEROY MERLIN - 036,28000,CHARTRES,497,Peinture,Permanent,CROSS MKT ISOL & ETANCH,,,,,"  2 000,00 € "
2023,20nzy,391584,LEROY MERLIN - 112,36001,CHATEAUROUX,350,Peinture,Permanent,Cross,Signé,Valeur Fixe,PP,Semestre 2,"  600,00 € "
2022,20nzy,391584,LEROY MERLIN - 112,36001,CHATEAUROUX,350,Peinture,Permanent,TG COLLES PATTEX RUBSON LOCTITE,,,,,"  500,00 € "
2023,20r4a,107229,LEROY MERLIN - 029,77508,CHELLES,283,Peinture,Promo,Cross,Signé,Valeur Fixe,PP,Année complète,"  3 100,00 € "
2022,20r4a,107229,LEROY MERLIN - 029,77508,CHELLES,283,Peinture,Permanent,TG ISOL & ETANCH,,,,,"  3 100,00 € "
2022,20r4a,107229,LEROY MERLIN - 029,77508,CHELLES,283,Peinture,Permanent,TG ISOLATION & ETANCHEITE,,,,,"  1 500,00 € "
2023,20pbc,1719419,LEROY MERLIN - 174,49300,CHOLET,460,Peinture,Permanent,Pack Visibilité GSB,Signé,Valeur Fixe,PP,,"  2 000,00 € "
2023,20pbc,1719419,LEROY MERLIN - 174,49300,CHOLET,460,Peinture,Permanent,Pack Visibilité GSB,Signé,Valeur Fixe,PP,,"  2 000,00 € "
2023,20pbc,1719419,LEROY MERLIN - 174,49300,CHOLET,460,Peinture,Permanent,Pack Visibilité GSB,Signé,Valeur Fixe,PP,,"  1 000,00 € "
2022,20pbc,1719419,LEROY MERLIN - 174,49300,CHOLET,460,Peinture,Permanent,CROSS MKT ISOL & ETANCH,,,,,"  2 000,00 € "
2022,20pbc,1719419,LEROY MERLIN - 174,49300,CHOLET,460,Peinture,Permanent,CROSS MKT ISOL & ETANCH,,,,,"  2 000,00 € "
2022,20pbc,1719419,LEROY MERLIN - 174,49300,CHOLET,460,Peinture,Permanent,CROSS MKT MASTIC SANITAIRE SDB,,,,,"  250,00 € "
2022,20pbc,1719419,LEROY MERLIN - 174,49300,CHOLET,460,Peinture,Permanent,CROSS MKT ISOL & ETANCH,,,,,"  1 000,00 € "
2023,20ps7,488771,LEROY MERLIN - 133,63100,CLERMONT FERRAND,350,Peinture,Permanent,Pack Visibilité GSB,Signé,Valeur Fixe,PP,,"  3 100,00 € "
2022,20ps7,488771,LEROY MERLIN - 133,63100,CLERMONT FERRAND,350,Peinture,Permanent,TG CAISSE FIXATION & COLLES,,,,,"  2 000,00 € "
2022,20ps7,488771,LEROY MERLIN - 133,63100,CLERMONT FERRAND,350,Peinture,Permanent,TG CAISSE COLLES,,,,,"  1 100,00 € "
2023,20r4m,436317,LEROY MERLIN - 116,77090,COLLEGIEN,283,Peinture,Permanent,TG/Podium,Signé,Valeur Fixe,PP,,"  3 800,00 € "
2023,20r4m,436317,LEROY MERLIN - 116,77090,COLLEGIEN,283,Peinture,Permanent,TG/Podium,Signé,Valeur Fixe,PP,,"  2 500,00 € "
2023,20r4m,436317,LEROY MERLIN - 116,77090,COLLEGIEN,283,Peinture,Permanent,TG/Podium,Signé,Valeur Fixe,PP,,"  5 000,00 € "
2023,20r4m,436317,LEROY MERLIN - 116,77090,COLLEGIEN,283,Peinture,Permanent,TG/Podium,Signé,Valeur Fixe,PP,,"  2 500,00 € "
2023,20r4m,436317,LEROY MERLIN - 116,77090,COLLEGIEN,283,Peinture,Permanent,TG/Podium,Signé,Valeur Fixe,PP,,"  2 500,00 € "
2023,20r4m,436317,LEROY MERLIN - 116,77090,COLLEGIEN,283,Peinture,Promo,,Signé,Valeur Fixe,PP,,"  2 000,00 € "
2022,20r4m,436317,LEROY MERLIN - 116,77090,COLLEGIEN,283,Peinture,Permanent,TG ISOL & ETANCH,,,,,"  800,00 € "
2022,20r4m,436317,LEROY MERLIN - 116,77090,COLLEGIEN,283,Peinture,Permanent,TG COLLES,,,,,"  3 000,00 € "
2022,20r4m,436317,LEROY MERLIN - 116,77090,COLLEGIEN,283,Peinture,Permanent,TG COLLES,,,,,"  2 500,00 € "
2022,20r4m,436317,LEROY MERLIN - 116,77090,COLLEGIEN,283,Peinture,Permanent,TG COLLES,,,,,"  2 500,00 € "
2022,20r4m,436317,LEROY MERLIN - 116,77090,COLLEGIEN,283,Peinture,Permanent,TG COLLES,,,,,"  2 500,00 € "
2022,20r4m,436317,LEROY MERLIN - 116,77090,COLLEGIEN,283,Peinture,Permanent,TG COLLES,,,,,"  2 500,00 € "
2022,20r4m,436317,LEROY MERLIN - 116,77090,COLLEGIEN,283,Peinture,Permanent,TG COLLES,,,,,"  2 500,00 € "
2022,20r4m,436317,LEROY MERLIN - 116,77090,COLLEGIEN,283,Peinture,Permanent,TG ISOLATION & ETANCHEITE,,,,,"  700,00 € "
2023,20nua,1197561,LEROY MERLIN - 111,31770,COLOMIERS,412,Peinture,Permanent,TG Caisses,Engagé,Valeur Fixe,PP,Année complète,"  4 800,00 € "
2022,20nua,1197561,LEROY MERLIN - 111,31770,COLOMIERS,412,Peinture,Permanent,TG ISOL & ETANCH,,,,,"  200,00 € "
2022,20nua,1197561,LEROY MERLIN - 111,31770,COLOMIERS,412,Peinture,Permanent,TG CAISSE COLLES,,,,,"  4 800,00 € "
2023,20pd2,2248233,LEROY MERLIN - 186,51350,CORMONTREUIL,536,Peinture,Permanent,Cross,Signé,Valeur Fixe,PP,,"  3 000,00 € "
2022,20pd2,2248233,LEROY MERLIN - 186,51350,CORMONTREUIL,536,Peinture,Permanent,TG COLLES NCNV/FT101,,,,,"  3 000,00 € "
2023,20r1v,2003428,LEROY MERLIN - 177,74330,EPAGNY,347,Peinture,Promo,TG/Podium,Signé,Valeur Fixe,PP,,"  1 738,80 € "
2022,20r1v,2003428,LEROY MERLIN - 177,74330,EPAGNY,347,Peinture,Promo,TG ABHU + RECHARGE,,,,,"  150,00 € "
2023,20pjb,107261,LEROY MERLIN - 074,57600,FORBACH,523,Peinture,Promo,TG/Podium,Signé,Valeur Fixe,PP,,"  1 050,00 € "
2023,20pjb,107261,LEROY MERLIN - 074,57600,FORBACH,523,Peinture,Permanent,Cross,Signé,Valeur Fixe,PP,,"  2 350,00 € "
2022,20pjb,107261,LEROY MERLIN - 074,57600,FORBACH,523,Peinture,Promo,PODIUM ISOL & ETANCH,,,,,"  1 750,00 € "
2022,20pjb,107261,LEROY MERLIN - 074,57600,FORBACH,523,Peinture,Permanent,CROSS MKT ISOL & ETANCH,,,,,"  2 350,00 € "
2023,20rjh,107260,LEROY MERLIN - 072,92230,GENNEVILLIERS,285,Peinture,Permanent,TG/Podium,Signé,Valeur Fixe,PP,,"  6 910,00 € "
2023,20rjh,107260,LEROY MERLIN - 072,92230,GENNEVILLIERS,285,Peinture,Permanent,TG/Podium,Signé,Valeur Fixe,PP,,"  6 910,00 € "
2023,20rjh,107260,LEROY MERLIN - 072,92230,GENNEVILLIERS,285,Plomberie,Promo,Pack Visibilité GSB,Signé,Valeur Fixe,PP,Ponctuelle,"  2 000,00 € "
2023,20rjh,107260,LEROY MERLIN - 072,92230,GENNEVILLIERS,285,Plomberie,Promo,TG/Podium,Signé,Valeur Fixe,PP,Année complète,"  4 550,00 € "
2022,20rjh,107260,LEROY MERLIN - 072,92230,GENNEVILLIERS,285,Peinture,Permanent,CROSS MKT ALIMENTATION,,,,,"  1 000,00 € "
2022,20rjh,107260,LEROY MERLIN - 072,92230,GENNEVILLIERS,285,Peinture,Permanent,CROSS MKT COLLES,,,,,"  6 910,00 € "
2022,20rjh,107260,LEROY MERLIN - 072,92230,GENNEVILLIERS,285,Plomberie,Promo,CROSS MKT ALIMENTATION,,,,,"  3 550,00 € "
2022,20rjh,107260,LEROY MERLIN - 072,92230,GENNEVILLIERS,285,Plomberie,Promo,PODIUM COLLES & MASTIC,,,,,"  6 910,00 € "
2023,20rmb,1623374,LEROY MERLIN - 172,95500,GONESSE,292,Plomberie,Permanent,Cross,Signé,Valeur Fixe,PP,,"  6 400,00 € "
2023,20rmb,1623374,LEROY MERLIN - 172,95500,GONESSE,292,Tous rayons,Permanent,Cross,Signé,Valeur Fixe,PP,,"  250,00 € "
2023,20rmb,1623374,LEROY MERLIN - 172,95500,GONESSE,292,Peinture,Permanent,TG/Podium,Signé,Valeur Fixe,PP,,"  400,00 € "
2023,20rmb,1623374,LEROY MERLIN - 172,95500,GONESSE,292,Menuiserie,Permanent,TG/Podium,Signé,Valeur Fixe,PP,,"  1 200,00 € "
2022,20rmb,1623374,LEROY MERLIN - 172,95500,GONESSE,292,Plomberie,Permanent,CROSS MAKT RUBSON SILICONE SDB,,,,,"  250,00 € "
2022,20rmb,1623374,LEROY MERLIN - 172,95500,GONESSE,292,Peinture,Permanent,CROSS MKT ACCESSOIRES,,,,,"  400,00 € "
2022,20rmb,1623374,LEROY MERLIN - 172,95500,GONESSE,292,Tous rayons,Permanent,Cross,,,,,"  6 400,00 € "
2023,20nwm,1051529,LEROY MERLIN - 156,33170,GRADIGNAN,414,Peinture,Promo,TG/Podium,Signé,,PP,Ponctuelle,"  1 300,00 € "
2023,20nwm,1051529,LEROY MERLIN - 156,33170,GRADIGNAN,414,Peinture,Permanent,Pack Visibilité GSB,Signé,Valeur Fixe,PP,,"  3 500,00 € "
2022,20nwm,1051529,LEROY MERLIN - 156,33170,GRADIGNAN,414,Peinture,Promo,CROSS MKT COLLES MASTICS,,,,,"  1 750,00 € "
2022,20nwm,1051529,LEROY MERLIN - 156,33170,GRADIGNAN,414,Peinture,Permanent,CROSS MKT COLLES MASTICS,,,,,"  1 750,00 € "
2023,20pky,107230,LEROY MERLIN - 030,59760,GRANDE SYNTHE,499,Menuiserie,Permanent,Suivi préférentiel,Signé,Valeur Fixe,PP,,"  500,00 € "
2023,20pky,107230,LEROY MERLIN - 030,59760,GRANDE SYNTHE,499,Menuiserie,Permanent,,Signé,Valeur Fixe,PP,,"  250,00 € "
2023,20pky,107230,LEROY MERLIN - 030,59760,GRANDE SYNTHE,499,Peinture,Promo,,Signé,Valeur Fixe,,,"  115,00 € "
2023,20pky,107230,LEROY MERLIN - 030,59760,GRANDE SYNTHE,499,Peinture,Promo,,Signé,Valeur Fixe,PP,Ponctuelle,"  303,00 € "
2023,20pky,107230,LEROY MERLIN - 030,59760,GRANDE SYNTHE,499,Peinture,Promo,,Signé,Valeur Fixe,PP,Ponctuelle,"  1 152,00 € "
2022,20pky,107230,LEROY MERLIN - 030,59760,GRANDE SYNTHE,499,Peinture,Promo,CROSS MKT ISOLATION & ETANCHEITE RUBSON MASTIC ,,,,,"  104,00 € "
2022,20pky,107230,LEROY MERLIN - 030,59760,GRANDE SYNTHE,499,Peinture,Promo,CROSS MKT PEINTURE EXTERIEURE,,,,,"  188,35 € "
2023,20p5h,734664,LEROY MERLIN - 297,44350,GUERANDE,444,Peinture,Permanent,Pack Visibilité GSB,Signé,Valeur Fixe,PP,,"  1 750,00 € "
2023,20p5h,734664,LEROY MERLIN - 297,44350,GUERANDE,444,Peinture,Permanent,Pack Visibilité GSB,Signé,Valeur Fixe,PP,,"  1 750,00 € "
2022,20p5h,734664,LEROY MERLIN - 297,44350,GUERANDE,444,Peinture,Permanent,CROSS MKT COLLES,,,,,"  1 750,00 € "
2022,20p5h,734664,LEROY MERLIN - 297,44350,GUERANDE,444,Peinture,Permanent,CROSS MKT COLLES,,,,,"  1 750,00 € "
2023,20nsb,2429072,LEROY MERLIN - 193,29540,GUIPAVAS,443,Peinture,Permanent,TG Caisses,Signé,Valeur Fixe,PP,Année complète,"  3 000,00 € "
2023,20nsb,2429072,LEROY MERLIN - 193,29540,GUIPAVAS,443,Peinture,Permanent,Cross,Signé,Valeur Fixe,PP,Année complète,"  1 000,00 € "
2023,20nsb,2429072,LEROY MERLIN - 193,29540,GUIPAVAS,443,Menuiserie,Permanent,Cross,Signé,Valeur Fixe,PP,Année complète,"  500,00 € "
2022,20nsb,2429072,LEROY MERLIN - 193,29540,GUIPAVAS,443,Peinture,Permanent,TG CAISSE ISOL & ETANCH,,,,,"  3 000,00 € "
2022,20pvs,2566818,LEROY MERLIN,67500,Haguenau,523,Peinture,Permanent,PODIUM ISOL & ETANCH,,,,,"  1 255,00 € "
2022,20pvs,2566818,LEROY MERLIN,67500,Haguenau,523,Peinture,Permanent,TG ISOL & ETANCH,,,,,"  7 000,00 € "
2022,20pvs,2566818,LEROY MERLIN,67500,Haguenau,523,Peinture,Permanent,CROSS MKT ISOL & ETANCH,,,,,"  1 600,00 € "
2023,20pm9,107248,LEROY MERLIN - 050,59330,HAUTMONT,499,Peinture,Promo,,Signé,Valeur Fixe,PP,Ponctuelle,"  1 226,00 € "
2023,20pm9,107248,LEROY MERLIN - 050,59330,HAUTMONT,499,Peinture,Promo,,Signé,Valeur Fixe,PP,Ponctuelle,"  410,00 € "
2022,20pm9,107248,LEROY MERLIN - 050,59330,HAUTMONT,499,Peinture,Promo,CROSS MKT COLLES,,,,,"  480,00 € "
2022,20pm9,107248,LEROY MERLIN - 050,59330,HAUTMONT,499,Peinture,Promo,CROSS MKT COLLES & MASTIC RUBSON,,,,,"  345,00 € "
2023,20pfk,672392,LEROY MERLIN - 130,54180,HOUDEMONT,325,Peinture,Permanent,TG Caisses,Engagé,Valeur Fixe,PP,Année complète,"  2 800,00 € "
2023,20pfk,672392,LEROY MERLIN - 130,54180,HOUDEMONT,325,Peinture,Permanent,,Engagé,Valeur Fixe,PP,Année complète,"  4 500,00 € "
2022,20pfk,672392,LEROY MERLIN - 130,54180,HOUDEMONT,325,Peinture,Permanent,PODIUM COLLES MASTICS MOUSSE EXP,,,,,"  2 800,00 € "
2022,20pfk,672392,LEROY MERLIN - 130,54180,HOUDEMONT,325,Peinture,Permanent,TG CAISSE COLLES SG3,,,,,"  4 500,00 € "
2023,20r3u,134127,LEROY MERLIN - 067,76230,ISNEAUVILLE,480,Menuiserie,Promo,TG/Podium,Signé,Valeur Fixe,PP,Année complète,"  800,00 € "
2023,20r3u,134127,LEROY MERLIN - 067,76230,ISNEAUVILLE,480,Plomberie,Promo,TG/Podium,Signé,Valeur Fixe,PP,Année complète,"  1 200,00 € "
2023,20r3u,134127,LEROY MERLIN - 067,76230,ISNEAUVILLE,480,Sol,Promo,Cross,Signé,Valeur Fixe,PP,Semestre 2,"  500,00 € "
2023,20r3u,134127,LEROY MERLIN - 067,76230,ISNEAUVILLE,480,Peinture,Permanent,,Signé,Valeur Fixe,PP,Semestre 1,"  3 300,00 € "
2023,20r3u,134127,LEROY MERLIN - 067,76230,ISNEAUVILLE,480,Peinture,Permanent,,Signé,Valeur Fixe,PP,Semestre 2,"  3 300,00 € "
2023,20r3u,134127,LEROY MERLIN - 067,76230,ISNEAUVILLE,480,Peinture,Promo,TG/Podium,Signé,Valeur Fixe,PP,Ponctuelle,"  870,00 € "
2023,20r3u,134127,LEROY MERLIN - 067,76230,ISNEAUVILLE,480,Peinture,Promo,TG/Podium,Signé,Valeur Fixe,PP,Ponctuelle,"  422,00 € "
2022,20r3u,134127,LEROY MERLIN - 067,76230,ISNEAUVILLE,480,Peinture,Permanent,CROSS MKT ISOL & ETANCH,,,,,"  3 000,00 € "
2022,20r3u,134127,LEROY MERLIN - 067,76230,ISNEAUVILLE,480,Peinture,Permanent,PODIUM PEINT EXT,,,,,"  2 010,32 € "
2022,20r3u,134127,LEROY MERLIN - 067,76230,ISNEAUVILLE,480,Peinture,Promo,CROSS MKT ISOLATION & ETANCHEITE,,,,,"  2 500,00 € "
2022,20r3u,134127,LEROY MERLIN - 067,76230,ISNEAUVILLE,480,Peinture,Promo,CROSS MKT ISOL & ETANCH,,,,,"  3 000,00 € "
2023,20rkm,721872,LEROY MERLIN - 142,94200,IVRY SUR SEINE,311,Peinture,Permanent,,Signé,Valeur Fixe,PP,Année complète,"  10 000,00 € "
2023,20rkm,721872,LEROY MERLIN - 142,94200,IVRY SUR SEINE,311,Peinture,Permanent,,Signé,Valeur Fixe,PP,Trimestre 1,"  9 644,00 € "
2022,20rkm,721872,LEROY MERLIN - 142,94200,IVRY SUR SEINE,311,Peinture,Permanent,PODIUM COLLES,,,,,"  2 411,00 € "
2022,20rkm,721872,LEROY MERLIN - 142,94200,IVRY SUR SEINE,311,Peinture,Permanent,PODIUM COLLES,,,,,"  2 411,00 € "
2022,20rkm,721872,LEROY MERLIN - 142,94200,IVRY SUR SEINE,311,Peinture,Permanent,PODIUM COLLES,,,,,"  2 413,00 € "
2022,20rkm,721872,LEROY MERLIN - 142,94200,IVRY SUR SEINE,311,Peinture,Permanent,PODIUM SILICONE CARTOUCHE,,,,,"  2 550,00 € "
2022,20rkm,721872,LEROY MERLIN - 142,94200,IVRY SUR SEINE,311,Peinture,Permanent,PODIUM CARTOUCHE RUBSON,,,,,"  2 500,00 € "
2022,20rkm,721872,LEROY MERLIN - 142,94200,IVRY SUR SEINE,311,Peinture,Permanent,PODIUM CARTOUCHE,,,,,"  2 500,00 € "
2022,20rkm,721872,LEROY MERLIN - 142,94200,IVRY SUR SEINE,311,Peinture,Permanent,TG CAISSE COLLES & MASTICS,,,,,"  9 644,00 € "
2022,20rkm,721872,LEROY MERLIN - 142,94200,IVRY SUR SEINE,311,Peinture,Permanent,PODIUM ISOL & ETANCH,,,,,"  1 200,00 € "
2022,20rkm,721872,LEROY MERLIN - 142,94200,IVRY SUR SEINE,311,Peinture,Permanent,PODIUM COLLES,,,,,"  1 300,00 € "
2022,20rkm,721872,LEROY MERLIN - 142,94200,IVRY SUR SEINE,311,Peinture,Permanent,PODIUM CARTOUCHE,,,,,"  2 500,00 € "
2022,20rkm,721872,LEROY MERLIN - 142,94200,IVRY SUR SEINE,311,Peinture,Permanent,PODIUM COLLES & MASTICS,,,,,"  9 644,00 € "
2023,20rbs,1201287,LEROY MERLIN - 160,85005,LA ROCHE SUR YON,460,Peinture,Promo,TG/Podium,Signé,Valeur Fixe,PP,,"  300,00 € "
2023,20pm1,107218,LEROY MERLIN - 014,59174,LA SENTINELLE,499,Peinture,Promo,,Signé,Valeur Fixe,PP,Ponctuelle,"  1 328,00 € "
2023,20pm1,107218,LEROY MERLIN - 014,59174,LA SENTINELLE,499,Peinture,Promo,,Signé,Valeur Fixe,PP,Ponctuelle,"  1 500,00 € "
2023,20pm1,107218,LEROY MERLIN - 014,59174,LA SENTINELLE,499,Menuiserie,Promo,TG/Podium,Signé,Valeur Fixe,PP,,"  465,00 € "
2023,20pm1,107218,LEROY MERLIN - 014,59174,LA SENTINELLE,499,Peinture,Promo,,Signé,Valeur Fixe,PP,Ponctuelle,"  1 273,00 € "
2022,20pm1,107218,LEROY MERLIN - 014,59174,LA SENTINELLE,499,Peinture,Promo,PODIUM COLLES,,,,,"  535,00 € "
2022,20pm1,107218,LEROY MERLIN - 014,59174,LA SENTINELLE,499,Menuiserie,Promo,TG COLLES,,,,,"  143,00 € "
2022,20pm1,107218,LEROY MERLIN - 014,59174,LA SENTINELLE,499,Peinture,Promo,TG COLLES,,,,,"  2 475,00 € "
2022,20pm1,107218,LEROY MERLIN - 014,59174,LA SENTINELLE,499,Peinture,Promo,TG ISOL & ETANCH,,,,,"  1 129,00 € "
2022,20pm1,107218,LEROY MERLIN - 014,59174,LA SENTINELLE,499,Peinture,Promo,TG ISOLATION & ETANCHEITE,,,,,"  1 400,00 € "
2022,20pm1,107218,LEROY MERLIN - 014,59174,LA SENTINELLE,499,Peinture,Promo,TG ISOLATION & ETANCHEITE,,,,,"  1 737,00 € "
2023,20r9x,107245,LEROY MERLIN - 047,83160,LA VALETTE DU VAR,380,Sol,Permanent,Cross,Engagé,Valeur Fixe,PP,Année complète,"  200,00 € "
2023,20r9x,107245,LEROY MERLIN - 047,83160,LA VALETTE DU VAR,380,Peinture,Permanent,TG Caisses,Engagé,Valeur Fixe,PP,Année complète,"  750,00 € "
2023,20r9x,107245,LEROY MERLIN - 047,83160,LA VALETTE DU VAR,380,Peinture,Permanent,TG Caisses,Engagé,Valeur Fixe,PP,Année complète,"  750,00 € "
2023,20r9x,107245,LEROY MERLIN - 047,83160,LA VALETTE DU VAR,380,Peinture,Permanent,Cross,Engagé,Valeur Fixe,PP,Année complète,"  1 650,00 € "
2023,20r9x,107245,LEROY MERLIN - 047,83160,LA VALETTE DU VAR,380,Peinture,Permanent,Cross,Engagé,Valeur Fixe,PP,Année complète,"  1 650,00 € "
2022,20r9x,107245,LEROY MERLIN - 047,83160,LA VALETTE DU VAR,380,Peinture,Permanent,TG CAISSE COLLES,,,,,"  750,00 € "
2022,20r9x,107245,LEROY MERLIN - 047,83160,LA VALETTE DU VAR,380,Peinture,Permanent,CROSS MKT COLLES,,,,,"  1 650,00 € "
2022,20r9x,107245,LEROY MERLIN - 047,83160,LA VALETTE DU VAR,380,Peinture,Permanent,TG CAISSE COLLES,,,,,"  750,00 € "
2022,20r9x,107245,LEROY MERLIN - 047,83160,LA VALETTE DU VAR,380,Peinture,Permanent,CROSS MKT COLLES,,,,,"  1 650,00 € "
2023,20nh5,107244,LEROY MERLIN - 046,22360,LANGUEUX,478,Peinture,Promo,,Signé,Valeur Fixe,PP,Trimestre 2,"  1 500,00 € "
2023,20nh5,107244,LEROY MERLIN - 046,22360,LANGUEUX,478,Peinture,Promo,Cross,Signé,Valeur Fixe,,Trimestre 1,"  945,00 € "
2023,20nh5,107244,LEROY MERLIN - 046,22360,LANGUEUX,478,Peinture,Promo,,Signé,Valeur Fixe,PP,Trimestre 4,"  1 800,00 € "
2023,20nh5,107244,LEROY MERLIN - 046,22360,LANGUEUX,478,Menuiserie,Promo,Cross,Signé,Valeur Fixe,PP,Année complète,"  1 000,00 € "
2022,20nh5,107244,LEROY MERLIN - 046,22360,LANGUEUX,478,Peinture,Promo,PODIUM ISOL & ETANCH,,,,,"  2 470,00 € "
2022,20nh5,107244,LEROY MERLIN - 046,22360,LANGUEUX,478,Peinture,Promo,TG CAISSE COLLES,,,,,"  2 700,00 € "
2022,20nh5,107244,LEROY MERLIN - 046,22360,LANGUEUX,478,Peinture,Promo,PODIUM ISOLATION & ETANCHEITE,,,,,"  1 245,00 € "
2023,20ram,2498242,LEROY MERLIN - 195,84276,LE PONTET,378,Peinture,Promo,,Signé,Valeur Fixe,PP,Ponctuelle,"  1 248,73 € "
2023,20ram,2498242,LEROY MERLIN - 195,84276,LE PONTET,378,Peinture,Promo,TG/Podium,Signé,Valeur Fixe,PP,Année complète,"  1 250,00 € "
2023,20ram,2498242,LEROY MERLIN - 195,84276,LE PONTET,378,Peinture,Promo,TG/Podium,Signé,Valeur Fixe,PP,Année complète,"  750,00 € "
2023,20ram,2498242,LEROY MERLIN - 195,84276,LE PONTET,378,Peinture,Promo,Cross,Signé,Valeur Fixe,PP,Année complète,"  750,00 € "
2023,20ram,2498242,LEROY MERLIN - 195,84276,LE PONTET,378,Peinture,Promo,TG Caisses,Signé,Valeur Fixe,PP,Année complète,"  1 750,00 € "
2022,20ram,2498242,LEROY MERLIN - 195,84276,LE PONTET,378,Peinture,Promo,PODIUM COLLES,,,,,"  1 746,23 € "
2022,20ram,2498242,LEROY MERLIN - 195,84276,LE PONTET,378,Peinture,Promo,CROSS MKT JOUES TG NCNV/ACRYLIQUE/POWER TAPE/NEO PLUS,,,,,"  625,00 € "
2022,20ram,2498242,LEROY MERLIN - 195,84276,LE PONTET,378,Peinture,Promo,TG MOUSSE EXPANSIVE/ACRYLIQUE/FT101,,,,,"  1 250,00 € "
2022,20ram,2498242,LEROY MERLIN - 195,84276,LE PONTET,378,Peinture,Promo,TG CAISSES SG3,,,,,"  2 000,00 € "
2022,20ram,2498242,LEROY MERLIN - 195,84276,LE PONTET,378,Peinture,Promo,TG SILICONES,,,,,"  750,00 € "
2022,20pm3,2640618,LEROY MERLIN - 032,59810,LESQUIN,499,Peinture,Promo,CROSS MKT ISOL & ETANCH,,,,,"  2 113,00 € "
2022,20pm3,2640618,LEROY MERLIN - 032,59810,LESQUIN,499,Peinture,Promo,CROSS MKT COLLES & MASTICS,,,,,"  475,00 € "
2023,20pm3,2640618,LEROY MERLIN - 032,59810,LESQUIN,499,Peinture,Promo,,Signé,Valeur Fixe,PP,Ponctuelle,"  726,00 € "
2023,20pm3,2640618,LEROY MERLIN - 032,59810,LESQUIN,499,Peinture,Promo,TG/Podium,Signé,Valeur Fixe,PP,Ponctuelle,"  1 000,00 € "
2023,20pm3,2640618,LEROY MERLIN - 032,59810,LESQUIN,499,Peinture,Promo,TG/Podium,Signé,Valeur Fixe,PP,Ponctuelle,"  460,00 € "
2023,20pm3,2640618,LEROY MERLIN - 032,59810,LESQUIN,499,Peinture,Promo,TG Caisses,Signé,Valeur Fixe,PP,Ponctuelle,"  100,00 € "
2023,20pm3,2640618,LEROY MERLIN - 032,59810,LESQUIN,499,Peinture,Promo,,Signé,Valeur Fixe,PP,Ponctuelle,"  812,37 € "
2023,20pm3,2640618,LEROY MERLIN - 032,59810,LESQUIN,499,Peinture,Promo,,Signé,Valeur Fixe,PP,Ponctuelle,"  2 170,00 € "
2023,20pm3,2640618,LEROY MERLIN - 032,59810,LESQUIN,499,Peinture,Promo,,Signé,Valeur Fixe,PP,,"  337,00 € "
2023,20rdr,1520065,LEROY MERLIN - 294,87071,LIMOGES,350,Peinture,Permanent,,Signé,Valeur Fixe,PP,Année complète,"  3 500,00 € "
2022,20rdr,1520065,LEROY MERLIN - 294,87071,LIMOGES,350,Peinture,Permanent,CROSS MKT COLLES,,,,,"  1 500,00 € "
2022,20rdr,1520065,LEROY MERLIN - 294,87071,LIMOGES,350,Peinture,Permanent,CROSS MKT COLLES,,,,,"  2 000,00 € "
2023,20rk3,134130,LEROY MERLIN - 073,93891,LIVRY GARGAN,285,Plomberie,Promo,TG/Podium,Signé,Valeur Fixe,PP,Année complète,"  350,00 € "
2022,20rk3,134130,LEROY MERLIN - 073,93891,LIVRY GARGAN,285,Peinture,Promo,TG ISOL & ETANCH,,,,,"  1 800,00 € "
2022,20rk3,134130,LEROY MERLIN - 073,93891,LIVRY GARGAN,285,Peinture,Promo,TG COLLES,,,,,"  900,00 € "
2022,20rk3,134130,LEROY MERLIN - 073,93891,LIVRY GARGAN,285,Peinture,Promo,TG ALIMENTATION,,,,,"  350,00 € "
2023,20r82,107209,LEROY MERLIN - 004,80330,LONGUEAU,521,Menuiserie,Permanent,TG/Podium,Signé,Valeur Fixe,PP,Année complète,"  750,00 € "
2023,20r82,107209,LEROY MERLIN - 004,80330,LONGUEAU,521,Peinture,Permanent,Cross,Signé,Valeur Fixe,PP,,"  700,00 € "
2023,20r82,107209,LEROY MERLIN - 004,80330,LONGUEAU,521,Peinture,Permanent,Cross,Signé,Valeur Fixe,PP,,"  700,00 € "
2023,20r82,107209,LEROY MERLIN - 004,80330,LONGUEAU,521,Peinture,Promo,,Signé,Valeur Fixe,PP,Trimestre 4,"  1 300,00 € "
2022,20r82,107209,LEROY MERLIN - 004,80330,LONGUEAU,521,Peinture,Promo,CROSS MKT COLLES,,,,,"  837,00 € "
2023,20pym,488773,LEROY MERLIN - 135,71000,MACON,376,Peinture,Promo,TG/Podium,Signé,Valeur Fixe,PP,,"  1 030,00 € "
2023,20pym,488773,LEROY MERLIN - 135,71000,MACON,376,Peinture,Permanent,TG/Podium,Signé,Valeur Fixe,PP,,"  500,00 € "
2023,20pym,488773,LEROY MERLIN - 135,71000,MACON,376,Peinture,Permanent,TG/Podium,Signé,Valeur Fixe,PP,,"  500,00 € "
2023,20pym,488773,LEROY MERLIN - 135,71000,MACON,376,Peinture,Permanent,TG Caisses,Signé,Valeur Fixe,PP,,"  800,00 € "
2023,20pym,488773,LEROY MERLIN - 135,71000,MACON,376,Peinture,Permanent,TG Caisses,Signé,Valeur Fixe,PP,,"  800,00 € "
2022,20pym,488773,LEROY MERLIN - 135,71000,MACON,376,Peinture,Permanent,PODIUM ISOL & ETANCH,,,,,"  800,00 € "
2022,20pym,488773,LEROY MERLIN - 135,71000,MACON,376,Peinture,Permanent,TG CAISSE ISOL & ETANCH,,,,,"  3 000,00 € "
2023,20pk2,134125,LEROY MERLIN - 052,57280,MAIZIERES LES METZ,325,Menuiserie,Permanent,,Engagé,Valeur Fixe,PP,Année complète,"  500,00 € "
2023,20pk2,134125,LEROY MERLIN - 052,57280,MAIZIERES LES METZ,325,Peinture,Permanent,,Engagé,Valeur Fixe,PP,Semestre 1,"  3 650,00 € "
2023,20pk2,134125,LEROY MERLIN - 052,57280,MAIZIERES LES METZ,325,Peinture,Permanent,,Engagé,Valeur Fixe,PP,Semestre 2,"  3 650,00 € "
2023,20ndn,1718965,LEROY MERLIN - 175,19360,MALEMORT SUR CORREZE,350,Peinture,Permanent,TG Caisses,Signé,Valeur Fixe,PP,Année complète,"  1 000,00 € "
2023,20ndn,1718965,LEROY MERLIN - 175,19360,MALEMORT SUR CORREZE,350,Peinture,Permanent,Pack Visibilité GSB,Signé,Valeur Fixe,PP,,"  2 800,00 € "
2023,20ndn,1718965,LEROY MERLIN - 175,19360,MALEMORT SUR CORREZE,350,Menuiserie,Permanent,Pack Visibilité GSB,Signé,Valeur Fixe,PP,,"  500,00 € "
2023,20ndn,1718965,LEROY MERLIN - 175,19360,MALEMORT SUR CORREZE,350,Peinture,Permanent,,Signé,Valeur Fixe,PP,Année complète,"  1 500,00 € "
2022,20ndn,1718965,LEROY MERLIN - 175,19360,MALEMORT SUR CORREZE,350,Peinture,Permanent,CROSS MKT COLLES,,,,,"  1 500,00 € "
2022,20ndn,1718965,LEROY MERLIN - 175,19360,MALEMORT SUR CORREZE,350,Menuiserie,Permanent,CROSS MKT COLLES,,,,,"  2 000,00 € "
2022,20ndn,1718965,LEROY MERLIN - 175,19360,MALEMORT SUR CORREZE,350,Peinture,Permanent,MEA TG / CROSS NCNV / CROSS RUBSON / TG CAISSE SG3,,,,,"  2 500,00 € "
2023,20n7r,1089498,LEROY MERLIN - 119,13011,MARSEILLE,379,Peinture,Permanent,TG Caisses,Engagé,Valeur Fixe,PP,Année complète,"  800,00 € "
2023,20n7r,1089498,LEROY MERLIN - 119,13011,MARSEILLE,379,Plomberie,Permanent,TG/Podium,Engagé,Valeur Fixe,PP,Semestre 1,"  800,00 € "
2023,20n7r,1089498,LEROY MERLIN - 119,13011,MARSEILLE,379,Plomberie,Permanent,TG/Podium,Engagé,Valeur Fixe,PP,Semestre 2,"  800,00 € "
2022,20n7r,1089498,LEROY MERLIN - 119,13011,MARSEILLE,379,Peinture,Permanent,PODIUM CARTOUCHE SILICONE,,,,,"  800,00 € "
2022,20n7r,1089498,LEROY MERLIN - 119,13011,MARSEILLE,379,Plomberie,Permanent,TG CAISSE COLLES,,,,,"  800,00 € "
2022,20n7r,1089498,LEROY MERLIN - 119,13011,MARSEILLE,379,Plomberie,Permanent,PODIUM CARTOUCHE SILICONE,,,,,"  800,00 € "
2023,20n7m,134126,LEROY MERLIN - 061,13500,MARTIGUES,379,Peinture,Permanent,Cross,Engagé,Valeur Fixe,PP,Semestre 2,"  1 050,00 € "
2023,20n7m,134126,LEROY MERLIN - 061,13500,MARTIGUES,379,Peinture,Permanent,TG Caisses,Engagé,Valeur Fixe,PP,Semestre 2,"  840,00 € "
2023,20n7m,134126,LEROY MERLIN - 061,13500,MARTIGUES,379,Plomberie,Permanent,Cross,Engagé,Valeur Fixe,PP,Semestre 2,"  400,00 € "
2023,20n7m,134126,LEROY MERLIN - 061,13500,MARTIGUES,379,Peinture,Permanent,TG Caisses,Engagé,Valeur Fixe,PP,Semestre 1,"  840,00 € "
2023,20n7m,134126,LEROY MERLIN - 061,13500,MARTIGUES,379,Plomberie,Permanent,Cross,Engagé,Valeur Fixe,PP,Semestre 1,"  400,00 € "
2023,20n7m,134126,LEROY MERLIN - 061,13500,MARTIGUES,379,Peinture,Permanent,Cross,Engagé,Valeur Fixe,PP,Semestre 1,"  840,00 € "
2022,20n7m,134126,LEROY MERLIN - 061,13500,MARTIGUES,379,Peinture,Permanent,TG CAISSE ISOL & ETANCH,,,,,"  840,00 € "
2022,20n7m,134126,LEROY MERLIN - 061,13500,MARTIGUES,379,Peinture,Permanent,TG ISOL & ETANCH,,,,,"  840,00 € "
2022,20n7m,134126,LEROY MERLIN - 061,13500,MARTIGUES,379,Plomberie,Permanent,CROSS MKT ALIMENTATION,,,,,"  200,00 € "
2022,20n7m,134126,LEROY MERLIN - 061,13500,MARTIGUES,379,Peinture,Permanent,CROSS MKT MASTICS ACRYLIQUE & SDB,,,,,"  840,00 € "
2022,20n7m,134126,LEROY MERLIN - 061,13500,MARTIGUES,379,Plomberie,Permanent,TG CAISSE ISOL & ETANCH,,,,,"  840,00 € "
2022,20n7m,134126,LEROY MERLIN - 061,13500,MARTIGUES,379,Peinture,Permanent,CROSS MKT ALIMENTATION,,,,,"  200,00 € "
2023,20rhf,107243,LEROY MERLIN - 045,91300,MASSY,524,Peinture,Promo,Cross,Signé,Valeur Fixe,PP,Trimestre 1,"  3 000,00 € "
2023,20rhf,107243,LEROY MERLIN - 045,91300,MASSY,524,Peinture,Promo,Cross,Signé,Valeur Fixe,PP,Ponctuelle,"  8 500,00 € "
2023,20rhf,107243,LEROY MERLIN - 045,91300,MASSY,524,Menuiserie,Permanent,TG/Podium,Signé,Valeur Fixe,PP,,"  1 800,00 € "
2023,20rhf,107243,LEROY MERLIN - 045,91300,MASSY,524,Peinture,Permanent,TG/Podium,Signé,Valeur Fixe,PP,,"  10 000,00 € "
2023,20rhf,107243,LEROY MERLIN - 045,91300,MASSY,524,Peinture,Permanent,TG/Podium,Signé,Valeur Fixe,PP,,"  10 000,00 € "
2023,20rhf,107243,LEROY MERLIN - 045,91300,MASSY,524,Plomberie,Permanent,TG/Podium,Signé,Valeur Fixe,PP,,"  2 750,00 € "
2023,20rhf,107243,LEROY MERLIN - 045,91300,MASSY,524,Plomberie,Permanent,TG/Podium,Signé,Valeur Fixe,PP,,"  2 750,00 € "
2023,20rhf,107243,LEROY MERLIN - 045,91300,MASSY,524,Peinture,Permanent,TG/Podium,Signé,Valeur Fixe,PP,Semestre 2,"  10 000,00 € "
2022,20rhf,107243,LEROY MERLIN - 045,91300,MASSY,524,Peinture,Promo,TG CAISSE COLLES,,,,,"  21 750,00 € "
2022,20rhf,107243,LEROY MERLIN - 045,91300,MASSY,524,Plomberie,Promo,PODIUM SILICONE,,,,,"  2 750,00 € "
2022,20rhf,107243,LEROY MERLIN - 045,91300,MASSY,524,Plomberie,Permanent,PODIUM SILICONE,,,,,"  2 750,00 € "
2022,20rhf,107243,LEROY MERLIN - 045,91300,MASSY,524,Peinture,Permanent,PODIUM ISOL & ETANCH,,,,,"  14 750,00 € "
2022,20rhf,107243,LEROY MERLIN - 045,91300,MASSY,524,Peinture,Permanent,TG CAISSE ISOL & ETANCH,,,,,"  7 000,00 € "
2022,20rhf,107243,LEROY MERLIN - 045,91300,MASSY,524,Peinture,Permanent,PODIUM SILOICONE TRANSPARENT & BLANC CARTOUCHE,,,,,"  1 500,00 € "
2022,20rhf,107243,LEROY MERLIN - 045,91300,MASSY,524,Peinture,Permanent,TG CAISSE COLLES,,,,,"  2 000,00 € "
2023,20nvr,107247,LEROY MERLIN - 049,33693,MERIGNAC,414,Peinture,Promo,TG/Podium,Signé,,PP,Ponctuelle,"  1 500,00 € "
2023,20nvr,107247,LEROY MERLIN - 049,33693,MERIGNAC,414,Peinture,Permanent,Pack Visibilité GSB,Signé,Valeur Fixe,PP,,"  4 000,00 € "
2022,20nvr,107247,LEROY MERLIN - 049,33693,MERIGNAC,414,Peinture,Promo,TG COLLES,,,,,"  1 562,00 € "
2022,20nvr,107247,LEROY MERLIN - 049,33693,MERIGNAC,414,Peinture,Permanent,CROSS MKT COLLES,,,,,"  4 000,00 € "
2023,20ppx,107208,LEROY MERLIN - 003,62155,MERLIMONT,521,Peinture,Promo,,Signé,Valeur Fixe,PP,Trimestre 4,"  1 185,00 € "
2023,20ppx,107208,LEROY MERLIN - 003,62155,MERLIMONT,521,Peinture,Promo,,Signé,Valeur Fixe,PP,,"  1 820,00 € "
2022,20ppx,107208,LEROY MERLIN - 003,62155,MERLIMONT,521,Peinture,Promo,CROSS MKT COLLES,,,,,"  1 142,00 € "
2022,20ppx,107208,LEROY MERLIN - 003,62155,MERLIMONT,521,Peinture,Promo,CROSS MKT COLLES,,,,,"  800,00 € "
2022,20pjc,737401,LEROY MERLIN,57070,Metz,325,Peinture,Promo,CROSS MKT COLLES MASTICS MOUSSES,,,,,"  2 800,00 € "
2023,20n96,107255,LEROY MERLIN - 060,14120,MONDEVILLE,478,Peinture,Promo,TG/Podium,Signé,Valeur Fixe,PP,Trimestre 3,"  898,56 € "
2022,20n96,107255,LEROY MERLIN - 060,14120,MONDEVILLE,478,Peinture,Promo,TG ISOLATION & ETANCHEITE,,,,,"  148,00 € "
2022,20n96,107255,LEROY MERLIN - 060,14120,MONDEVILLE,478,Peinture,Promo,TG RUBSON,,,,,"  350,00 € "
2023,20r98,2393581,LEROY MERLIN - 189,82000,MONTAUBAN,412,Peinture,Permanent,TG/Podium,Engagé,Valeur Fixe,PP,Année complète,"  700,00 € "
2022,20r98,2393581,LEROY MERLIN - 189,82000,MONTAUBAN,412,Peinture,Permanent,TG CAISSE COLLES,,,,,"  1 920,00 € "
2022,20r98,2393581,LEROY MERLIN - 189,82000,MONTAUBAN,412,Peinture,Permanent,TG RUBSON MOUSSE,,,,,"  470,00 € "
2022,20r98,2393581,LEROY MERLIN - 189,82000,MONTAUBAN,412,Peinture,Permanent,CROSS MKT COLLES & MASTICS,,,,,"  900,00 € "
2023,20rkz,107217,LEROY MERLIN - 013,95370,MONTIGNY LES CORMEILLES,292,Peinture,Permanent,TG/Podium,Signé,Valeur Fixe,PP,,"  6 525,00 € "
2023,20rkz,107217,LEROY MERLIN - 013,95370,MONTIGNY LES CORMEILLES,292,Peinture,Permanent,TG/Podium,Signé,Valeur Fixe,PP,,"  6 525,00 € "
2023,20rkz,107217,LEROY MERLIN - 013,95370,MONTIGNY LES CORMEILLES,292,Peinture,Permanent,TG/Podium,Signé,Valeur Fixe,PP,,"  6 525,00 € "
2023,20rkz,107217,LEROY MERLIN - 013,95370,MONTIGNY LES CORMEILLES,292,Peinture,Permanent,TG/Podium,Signé,Valeur Fixe,PP,,"  6 525,00 € "
2023,20rkz,107217,LEROY MERLIN - 013,95370,MONTIGNY LES CORMEILLES,292,Plomberie,Promo,TG/Podium,Signé,Valeur Fixe,PP,Année complète,"  5 000,00 € "
2022,20rkz,107217,LEROY MERLIN - 013,95370,MONTIGNY LES CORMEILLES,292,Peinture,Permanent,TG ISOL & ETANCH,,,,,"  6 125,00 € "
2022,20rkz,107217,LEROY MERLIN - 013,95370,MONTIGNY LES CORMEILLES,292,Peinture,Permanent,TG ISOL & ETANCH,,,,,"  6 125,00 € "
2022,20rkz,107217,LEROY MERLIN - 013,95370,MONTIGNY LES CORMEILLES,292,Peinture,Permanent,TG ISOL & ETANCH,,,,,"  6 125,00 € "
2022,20rkz,107217,LEROY MERLIN - 013,95370,MONTIGNY LES CORMEILLES,292,Peinture,Permanent,PODIUM ALIMENTATION,,,,,"  5 000,00 € "
2022,20rkz,107217,LEROY MERLIN - 013,95370,MONTIGNY LES CORMEILLES,292,Plomberie,Promo,TG ISOL & ETANCH,,,,,"  6 125,00 € "
2022,20rkz,107217,LEROY MERLIN - 013,95370,MONTIGNY LES CORMEILLES,292,Peinture,Permanent,TG ISOLATION & ETANCHEITE,,,,,"  1 600,00 € "
2023,20r3a,2195948,LEROY MERLIN - 184,76290,MONTIVILLIERS,480,Plomberie,Permanent,TG/Podium,Signé,Valeur Fixe,PP,Trimestre 4,"  600,00 € "
2023,20r3a,2195948,LEROY MERLIN - 184,76290,MONTIVILLIERS,480,Menuiserie,Permanent,Cross,Signé,Valeur Fixe,PP,Année complète,"  600,00 € "
2022,20rm0,107214,LEROY MERLIN,95560,Montsoult,292,Peinture,Permanent,TG COLLES & MASTICS,,,,,"  2 156,00 € "
2022,20rm0,107214,LEROY MERLIN,95560,Montsoult,292,Peinture,Permanent,TG ISOL & ETANCH,,,,,"  1 500,00 € "
2022,20rm0,107214,LEROY MERLIN,95560,Montsoult,292,Peinture,Permanent,RG ETANCHETIE ABHU & MOUSSES,,,,,"  2 166,00 € "
2022,20rm0,107214,LEROY MERLIN,95560,Montsoult,292,Peinture,Permanent,TG COLLES & MASTICS,,,,,"  2 166,00 € "
2023,20pwz,1142795,LEROY MERLIN - 157,68790,MORSCHWILLER LE BAS,523,Peinture,Promo,Promotion,Signé,Valeur Fixe,PP,,"  1 750,00 € "
2023,20pwz,1142795,LEROY MERLIN - 157,68790,MORSCHWILLER LE BAS,523,Peinture,Permanent,Cross,Signé,Valeur Fixe,PP,,"  3 600,00 € "
2022,20pwz,1142795,LEROY MERLIN - 157,68790,MORSCHWILLER LE BAS,523,Peinture,Permanent,CROSS MKT MASTIC COLLE,,,,,"  4 200,00 € "
2023,20pzs,107228,LEROY MERLIN - 028,72230,MULSANNE,497,Peinture,Permanent,Cross,Signé,Valeur Fixe,PP,Année complète,"  1 200,00 € "
2023,20pzs,107228,LEROY MERLIN - 028,72230,MULSANNE,497,Peinture,Permanent,TG Caisses,Signé,Valeur Fixe,PP,Année complète,"  700,00 € "
2023,20pzs,107228,LEROY MERLIN - 028,72230,MULSANNE,497,Peinture,Permanent,TG/Podium,Signé,Valeur Fixe,PP,Année complète,"  1 500,00 € "
2023,20pzs,107228,LEROY MERLIN - 028,72230,MULSANNE,497,Menuiserie,Permanent,Cross,Signé,Valeur Fixe,PP,Année complète,"  700,00 € "
2022,20pzs,107228,LEROY MERLIN - 028,72230,MULSANNE,497,Peinture,Permanent,TG COLLES,,,,,"  294,00 € "
2022,20pzs,107228,LEROY MERLIN - 028,72230,MULSANNE,497,Peinture,Permanent,CROSS MKT COLLES,,,,,"  600,00 € "
2022,20pzs,107228,LEROY MERLIN - 028,72230,MULSANNE,497,Peinture,Permanent,PODIUM ISOL & ETANCH,,,,,"  1 500,00 € "
2023,20uj6,2699666,LEROY MERLIN - 197,67450,MUNDOLSHEIM,523,Peinture,Permanent,Cross,Signé,Valeur Fixe,PP,,"  1 600,00 € "
2023,20uj6,2699666,LEROY MERLIN - 197,67450,MUNDOLSHEIM,523,Peinture,Promo,TG/Podium,Signé,Valeur Fixe,PP,,"  900,00 € "
2023,20uj6,2699666,LEROY MERLIN - 197,67450,MUNDOLSHEIM,523,Plomberie,Permanent,Cross,Signé,Valeur Fixe,PP,,"  700,00 € "
2022,20uj6,2699666,LEROY MERLIN - 197,67450,MUNDOLSHEIM,523,Peinture,Permanent,PODIUM ISOL & ETANCH,,,,,"  1 200,00 € "
2022,20uj6,2699666,LEROY MERLIN - 197,67450,MUNDOLSHEIM,523,Plomberie,Permanent,CROSS MKT SILICONES,,,,,"  650,00 € "
2022,20uj6,2699666,LEROY MERLIN - 197,67450,MUNDOLSHEIM,523,Peinture,Permanent,CROSS MKT ISOL & ETANCH,,,,,"  1 100,00 € "
2022,20rjk,2182872,LEROY MERLIN,92000,Nanterre,311,Peinture,Permanent,CROSS MKT COLLES,,,,,"  4 000,00 € "
2022,20rjk,2182872,LEROY MERLIN,92000,Nanterre,311,Peinture,Permanent,CROSS MKT COLLES,,,,,"  2 500,00 € "
2023,59n92,2599122,LEROY MERLIN - 084,59960,NEUVILLE EN FERRAIN,499,Peinture,Promo,,Signé,Valeur Fixe,PP,Ponctuelle,"  1 080,00 € "
2023,59n92,2599122,LEROY MERLIN - 084,59960,NEUVILLE EN FERRAIN,499,Menuiserie,Permanent,,Signé,Valeur Fixe,PP,Ponctuelle,"  400,00 € "
2023,59n92,2599122,LEROY MERLIN - 084,59960,NEUVILLE EN FERRAIN,499,Plomberie,Permanent,Cross,Signé,Valeur Fixe,PP,,"  600,00 € "
2023,59n92,2599122,LEROY MERLIN - 084,59960,NEUVILLE EN FERRAIN,499,Plomberie,Permanent,Cross,Signé,Valeur Fixe,PP,,"  600,00 € "
2023,59n92,2599122,LEROY MERLIN - 084,59960,NEUVILLE EN FERRAIN,499,Peinture,Permanent,Cross,Signé,Valeur Fixe,PP,,"  2 275,00 € "
2022,59n92,2599122,LEROY MERLIN - 084,59960,NEUVILLE EN FERRAIN,499,Menuiserie,Permanent,TG COLLES NCNV/SILICONES,,,,,"  1 778,00 € "
2022,59n92,2599122,LEROY MERLIN - 084,59960,NEUVILLE EN FERRAIN,499,Plomberie,Permanent,CROSS MKT ISOLATION & ETANCHEITE,,,,,"  1 400,00 € "
2022,59n92,2599122,LEROY MERLIN - 084,59960,NEUVILLE EN FERRAIN,499,Plomberie,Permanent,CROSS MKT ISOL & ETANCH,,,,,"  875,00 € "
2022,59n92,2599122,LEROY MERLIN - 084,59960,NEUVILLE EN FERRAIN,499,Peinture,Permanent,CROSS MKT ISOLATION & ETANCHEITE,,,,,"  1 183,00 € "
2023,20n3x,134119,LEROY MERLIN - 006,06200,NICE,380,Peinture,Permanent,TG Caisses,Engagé,Valeur Fixe,PP,Année complète,"  8 000,00 € "
2023,20n3x,134119,LEROY MERLIN - 006,06200,NICE,380,Peinture,Permanent,Cross,Engagé,Valeur Fixe,PP,Année complète,"  3 000,00 € "
2023,20n3x,134119,LEROY MERLIN - 006,06200,NICE,380,Peinture,Permanent,Cross,Engagé,Valeur Fixe,PP,Année complète,"  3 000,00 € "
2023,20n3x,134119,LEROY MERLIN - 006,06200,NICE,380,Peinture,Permanent,TG/Podium,Engagé,Valeur Fixe,PP,Année complète,"  3 000,00 € "
2022,20n3x,134119,LEROY MERLIN - 006,06200,NICE,380,Peinture,Permanent,CROSS MKT COLLES,,,,,"  3 000,00 € "
2022,20n3x,134119,LEROY MERLIN - 006,06200,NICE,380,Peinture,Permanent,TG COLLES,,,,,"  3 000,00 € "
2022,20n3x,134119,LEROY MERLIN - 006,06200,NICE,380,Peinture,Permanent,TG CAISSE COLLES,,,,,"  4 000,00 € "
2022,20n3x,134119,LEROY MERLIN - 006,06200,NICE,380,Peinture,Permanent,TG CAISSE COLLES,,,,,"  4 000,00 € "
2023,20nsx,210717,LEROY MERLIN - 080,30942,NIMES,441,Peinture,Permanent,,Engagé,Valeur Fixe,PP,Année complète,"  8 550,00 € "
2022,20nsx,210717,LEROY MERLIN - 080,30942,NIMES,441,Peinture,Permanent,TG COLLES,,,,,"  4 500,00 € "
2022,20nsx,210717,LEROY MERLIN - 080,30942,NIMES,441,Peinture,Permanent,TG COLLES,,,,,"  5 050,00 € "
2023,79n42,2599120,LEROY MERLIN - 081,79000,NIORT,415,Peinture,Promo,TG/Podium,Engagé,Valeur Fixe,PP,Ponctuelle,"  708,16 € "
2023,79n42,2599120,LEROY MERLIN - 081,79000,NIORT,415,Peinture,Permanent,Cross,Signé,Valeur Fixe,PP,Année complète,"  2 000,00 € "
2022,79n42,2599120,LEROY MERLIN - 081,79000,NIORT,415,Peinture,Permanent,CROSS MKT ISOL & ETANCH,,,,,"  2 000,00 € "
2023,20rm2,134122,LEROY MERLIN - 023,95520,OSNY,292,Peinture,Permanent,TG/Podium,Signé,Valeur Fixe,PP,,"  4 000,00 € "
2023,20rm2,134122,LEROY MERLIN - 023,95520,OSNY,292,Peinture,Permanent,TG/Podium,Signé,Valeur Fixe,PP,,"  4 000,00 € "
2022,20rm2,134122,LEROY MERLIN - 023,95520,OSNY,292,Peinture,Permanent,TG ISOL & ETANCH,,,,,"  8 000,00 € "
2023,20pvp,2477798,LEROY MERLIN - 199,67540,OSTWALD,523,Peinture,Promo,Promotion,Signé,Valeur Fixe,PP,,"  2 800,00 € "
2023,20pvp,2477798,LEROY MERLIN - 199,67540,OSTWALD,523,Peinture,Permanent,Cross,Signé,Valeur Fixe,PP,,"  2 600,00 € "
2023,20pvp,2477798,LEROY MERLIN - 199,67540,OSTWALD,523,Plomberie,Promo,Promotion,Signé,Valeur Fixe,PP,,"  600,00 € "
2022,20pvp,2477798,LEROY MERLIN - 199,67540,OSTWALD,523,Peinture,Promo,PODIUM ISOL & ETANCH,,,,,"  2 200,00 € "
2022,20pvp,2477798,LEROY MERLIN - 199,67540,OSTWALD,523,Peinture,Permanent,CROSS MKT ISOL & ETANCH,,,,,"  1 200,00 € "
2022,20pvp,2477798,LEROY MERLIN - 199,67540,OSTWALD,523,Peinture,Promo,CROSS MKT SILICONE,,,,,"  600,00 € "
2022,20pvp,2477798,LEROY MERLIN - 199,67540,OSTWALD,523,Peinture,Permanent,TG CAISSE ISOL & ETANCH,,,,,"  1 250,00 € "
2023,20r2v,388522,LEROY MERLIN - 055,75003,PARIS,285,Plomberie,Permanent,TG/Podium,Signé,Valeur Fixe,PP,Année complète,"  2 500,00 € "
2023,20r2v,388522,LEROY MERLIN - 055,75003,PARIS,285,Peinture,Promo,Pack Visibilité GSB,Signé,Valeur Fixe,PP,Semestre 1,"  10 000,00 € "
2023,20r2v,388522,LEROY MERLIN - 055,75003,PARIS,285,Peinture,Promo,TG/Podium,Signé,Valeur Fixe,PP,Ponctuelle,"  1 500,00 € "
2023,20r2v,388522,LEROY MERLIN - 055,75003,PARIS,285,Peinture,Promo,Pack Visibilité GSB,Signé,Valeur Fixe,PP,Trimestre 3,"  7 493,00 € "
2023,20r2v,388522,LEROY MERLIN - 055,75003,PARIS,285,Peinture,Permanent,,Signé,Valeur Fixe,PP,Trimestre 4,"  7 493,00 € "
2022,20r2v,388522,LEROY MERLIN - 055,75003,PARIS,285,Peinture,Promo,TG CAISSE ISOL & ETANCH,,,,,"  29 975,00 € "
2022,20r2v,388522,LEROY MERLIN - 055,75003,PARIS,285,Peinture,Promo,TG CAISSE COLLES,,,,,"  3 000,00 € "
2022,20r2v,388522,LEROY MERLIN - 055,75003,PARIS,285,Peinture,Promo,TG ALIMENTATION,,,,,"  2 500,00 € "
2023,20r2b,2223568,LEROY MERLIN - 182,75012,PARIS,285,Peinture,Promo,Pack Visibilité GSB,Signé,Valeur Fixe,PP,Année complète,"  3 000,00 € "
2023,20r2b,2223568,LEROY MERLIN - 182,75012,PARIS,285,Peinture,Promo,TG/Podium,Signé,Valeur Fixe,PP,,"  450,00 € "
2023,20r32,2420725,LEROY MERLIN - 190,75019,PARIS,285,Peinture,Permanent,TG/Podium,Signé,Valeur Fixe,PP,,"  2 000,00 € "
2023,20r32,2420725,LEROY MERLIN - 190,75019,PARIS,285,Plomberie,Promo,Cross,Signé,Valeur Fixe,PP,Année complète,"  600,00 € "
2023,20r32,2420725,LEROY MERLIN - 190,75019,PARIS,285,Peinture,Permanent,,Signé,Valeur Fixe,PP,Semestre 2,"  2 000,00 € "
2022,20r32,2420725,LEROY MERLIN - 190,75019,PARIS,285,Peinture,Promo,TG ALIMENTATION,,,,,"  400,00 € "
2022,20r32,2420725,LEROY MERLIN - 190,75019,PARIS,285,Peinture,Permanent,CROSS MKT COLLES,,,,,"  200,00 € "
2022,20r32,2420725,LEROY MERLIN - 190,75019,PARIS,285,Peinture,Permanent,CROSS MKT COLLES,,,,,"  4 000,00 € "
2023,20r34,2536236,LEROY MERLIN - 196,75008,PARIS,285,Peinture,Promo,TG/Podium,Signé,Valeur Fixe,PP,Semestre 2,"  642,00 € "
2023,20r34,2536236,LEROY MERLIN - 196,75008,PARIS,285,Peinture,Promo,,Signé,Valeur Fixe,PP,Semestre 2,"  1 085,00 € "
2022,20r34,2536236,LEROY MERLIN - 196,75008,PARIS,285,Peinture,Promo,CROSS MKT PEINTURE EXTERIEURE,,,,,"  1 085,00 € "
2022,20r34,2536236,LEROY MERLIN - 196,75008,PARIS,285,Peinture,Promo,PODIUM ISOLATION,,,,,"  642,00 € "
2023,20puw,1594192,LEROY MERLIN - 171,66025,PERPIGNAN,315,Menuiserie,Promo,Cross,Engagé,Valeur Fixe,PP,Année complète,"  250,00 € "
2023,20nyy,2115675,LEROY MERLIN - 178,35730,PLEURTUIT,478,Menuiserie,Permanent,TG/Podium,Signé,Valeur Fixe,PP,,"  200,00 € "
2023,20nyy,2115675,LEROY MERLIN - 178,35730,PLEURTUIT,478,Menuiserie,Permanent,TG/Podium,Signé,Valeur Fixe,PP,,"  200,00 € "
2023,20nyy,2115675,LEROY MERLIN - 178,35730,PLEURTUIT,478,Plomberie,Permanent,TG/Podium,Signé,Valeur Fixe,PP,Année complète,"  1 000,00 € "
2023,20nyy,2115675,LEROY MERLIN - 178,35730,PLEURTUIT,478,Menuiserie,Permanent,,Signé,Valeur Fixe,PP,Semestre 2,"  200,00 € "
2023,20nyy,2115675,LEROY MERLIN - 178,35730,PLEURTUIT,478,Peinture,Promo,,Signé,Valeur Fixe,PP,Semestre 1,"  1 300,00 € "
2022,20nyy,2115675,LEROY MERLIN - 178,35730,PLEURTUIT,478,Menuiserie,Permanent,TG CAISSE COLLES,,,,,"  1 500,00 € "
2022,20nyy,2115675,LEROY MERLIN - 178,35730,PLEURTUIT,478,Menuiserie,Permanent,TG CAISSE COLLES,,,,,"  1 500,00 € "
2022,20nyy,2115675,LEROY MERLIN - 178,35730,PLEURTUIT,478,Plomberie,Permanent,TG CAISSE COLLES,,,,,"  1 500,00 € "
2022,20nyy,2115675,LEROY MERLIN - 178,35730,PLEURTUIT,478,Menuiserie,Permanent,TG SILICONE & MOUSSE EXPANSIVE,,,,,"  500,00 € "
2022,20nyy,2115675,LEROY MERLIN - 178,35730,PLEURTUIT,478,Peinture,Promo,TG CAISSE COLLES,,,,,"  500,00 € "
2022,20nyy,2115675,LEROY MERLIN - 178,35730,PLEURTUIT,478,Peinture,Promo,TG ISOLATION & ETANCHEITE,,,,,"  500,00 € "
2023,83n25,2560437,LEROY MERLIN - 192,83480,PUGET SUR ARGENS,380,Peinture,Permanent,Cross,Engagé,Valeur Fixe,PP,Année complète,"  200,00 € "
2023,83n25,2560437,LEROY MERLIN - 192,83480,PUGET SUR ARGENS,380,Peinture,Permanent,TG Caisses,Engagé,Valeur Fixe,PP,Année complète,"  200,00 € "
2023,83n25,2560437,LEROY MERLIN - 192,83480,PUGET SUR ARGENS,380,Peinture,Permanent,Cross,Engagé,Valeur Fixe,PP,Année complète,"  360,00 € "
2023,83n25,2560437,LEROY MERLIN - 192,83480,PUGET SUR ARGENS,380,Peinture,Permanent,Cross,Engagé,Valeur Fixe,PP,Année complète,"  360,00 € "
2023,83n25,2560437,LEROY MERLIN - 192,83480,PUGET SUR ARGENS,380,Peinture,Permanent,Cross,Engagé,Valeur Fixe,PP,Année complète,"  360,00 € "
2022,83n25,2560437,LEROY MERLIN - 192,83480,PUGET SUR ARGENS,380,Peinture,Permanent,PODIUM RUBSON ABHU,,,,,"  150,00 € "
2023,20nbj,706684,LEROY MERLIN - 139,17138,PUILBOREAU,415,Peinture,Promo,,Engagé,Valeur Fixe,PP,Ponctuelle,"  1 508,00 € "
2022,20nbj,706684,LEROY MERLIN - 139,17138,PUILBOREAU,415,Peinture,Permanent,CROSS MKT COLLES NCNV & SG3,,,,,"  2 000,00 € "
2022,20nbj,706684,LEROY MERLIN - 139,17138,PUILBOREAU,415,Peinture,Permanent,CROSS MKT COLLES NCNV,,,,,"  2 000,00 € "
2023,20nh3,107221,LEROY MERLIN - 018,21800,QUETIGNY,376,Peinture,Promo,TG/Podium,Signé,Valeur Fixe,PP,,"  2 014,00 € "
2023,20nh3,107221,LEROY MERLIN - 018,21800,QUETIGNY,376,Peinture,Permanent,Cross,Signé,Valeur Fixe,PP,,"  3 000,00 € "
2023,20nh3,107221,LEROY MERLIN - 018,21800,QUETIGNY,376,Peinture,Permanent,Cross,Signé,Valeur Fixe,PP,,"  3 000,00 € "
2023,20nh3,107221,LEROY MERLIN - 018,21800,QUETIGNY,376,Peinture,Permanent,TG Caisses,Signé,Valeur Fixe,PP,,"  2 000,00 € "
2023,20nh3,107221,LEROY MERLIN - 018,21800,QUETIGNY,376,Peinture,Permanent,TG Caisses,Signé,Valeur Fixe,PP,,"  2 000,00 € "
2022,20nh3,107221,LEROY MERLIN - 018,21800,QUETIGNY,376,Peinture,Promo,PODIUM COLLES,,,,,"  3 000,00 € "
2022,20nh3,107221,LEROY MERLIN - 018,21800,QUETIGNY,376,Peinture,Permanent,TG CAISSE COLLES,,,,,"  1 200,00 € "
2022,20nh3,107221,LEROY MERLIN - 018,21800,QUETIGNY,376,Peinture,Permanent,TG CAISSE COLLES,,,,,"  1 200,00 € "
2022,20nh3,107221,LEROY MERLIN - 018,21800,QUETIGNY,376,Peinture,Permanent,CROSS MKT COLLES MASTICS,,,,,"  3 000,00 € "
2022,20nh3,107221,LEROY MERLIN - 018,21800,QUETIGNY,376,Peinture,Permanent,CROSS MKT COLLES MASTICS,,,,,"  3 000,00 € "
2023,20phh,107227,LEROY MERLIN - 027,56530,QUEVEN,443,Peinture,Permanent,,Signé,Valeur Fixe,PP,Semestre 2,"  3 500,00 € "
2023,20phh,107227,LEROY MERLIN - 027,56530,QUEVEN,443,Peinture,Permanent,,Signé,Valeur Fixe,PP,Semestre 1,"  3 500,00 € "
2023,20phh,107227,LEROY MERLIN - 027,56530,QUEVEN,443,Menuiserie,Permanent,Cross,Annulé,Valeur Fixe,PP,Année complète,
2022,20phh,107227,LEROY MERLIN - 027,56530,QUEVEN,443,Peinture,Permanent,TG CAISSE ISOL & ETANCH,,,,,"  6 500,00 € "
2023,20nrr,2245679,LEROY MERLIN - 181,29000,QUIMPER,443,Peinture,Permanent,,Signé,Valeur Fixe,PP,Année complète,"  2 000,00 € "
2023,20nrr,2245679,LEROY MERLIN - 181,29000,QUIMPER,443,Menuiserie,Permanent,Cross,Engagé,Valeur Fixe,PP,Année complète,"  350,00 € "
2022,20nrr,2245679,LEROY MERLIN - 181,29000,QUIMPER,443,Peinture,Permanent,CROSS MKT COLLES,,,,,"  1 800,00 € "
2023,20pct,759644,LEROY MERLIN - 144,51060,REIMS,536,Peinture,Permanent,Cross,Signé,Valeur Fixe,PP,,"  1 600,00 € "
2022,20pct,759644,LEROY MERLIN - 144,51060,REIMS,536,Peinture,Permanent,CROSS MKT COLLES,,,,,"  2 500,00 € "
2023,20p5p,107250,LEROY MERLIN - 053,44406,REZE,444,Peinture,Permanent,Pack Visibilité GSB,Signé,Valeur Fixe,PP,Semestre 1,"  6 500,00 € "
2023,20p5p,107250,LEROY MERLIN - 053,44406,REZE,444,Menuiserie,Promo,TG/Podium,Signé,Valeur Fixe,PP,,"  700,00 € "
2023,20p5p,107250,LEROY MERLIN - 053,44406,REZE,444,Peinture,Permanent,,Signé,Valeur Fixe,PP,Semestre 2,"  6 500,00 € "
2022,20p5p,107250,LEROY MERLIN - 053,44406,REZE,444,Peinture,Permanent,PODIUM COLLES MASTICS,,,,,"  6 500,00 € "
2022,20p5p,107250,LEROY MERLIN - 053,44406,REZE,444,Peinture,Permanent,PODIUM COLLES MASTICS,,,,,"  6 500,00 € "
2022,20p5p,107250,LEROY MERLIN - 053,44406,REZE,444,Peinture,Permanent,CROSS MKT ISOL & ETANCH,,,,,"  1 350,00 € "
2023,20ntn,1073461,LEROY MERLIN - 150,31120,ROQUES,315,Peinture,Promo,Cross,Engagé,Valeur Fixe,PP,Année complète,"  1 000,00 € "
2022,20ntn,1073461,LEROY MERLIN - 150,31120,ROQUES,315,Peinture,Promo,CROSS MKT COLLES,,,,,"  1 000,00 € "
2022,20ntn,1073461,LEROY MERLIN - 150,31120,ROQUES,315,Peinture,Promo,TG ALIMENTATION,,,,,"  1 060,00 € "
2023,20rjz,107257,LEROY MERLIN - 063,93110,ROSNY SOUS BOIS,285,Plomberie,Permanent,TG/Podium,Signé,Valeur Fixe,PP,Année complète,"  2 500,00 € "
2023,20rjz,107257,LEROY MERLIN - 063,93110,ROSNY SOUS BOIS,285,Peinture,Permanent,TG Caisses,Signé,Valeur Fixe,PP,,"  3 000,00 € "
2023,20rjz,107257,LEROY MERLIN - 063,93110,ROSNY SOUS BOIS,285,Peinture,Permanent,TG/Podium,Signé,Valeur Fixe,PP,,"  6 000,00 € "
2023,20rjz,107257,LEROY MERLIN - 063,93110,ROSNY SOUS BOIS,285,Peinture,Permanent,Cross,Signé,Valeur Fixe,PP,Semestre 2,"  6 000,00 € "
2023,20rjz,107257,LEROY MERLIN - 063,93110,ROSNY SOUS BOIS,285,Peinture,Permanent,TG/Podium,Signé,Valeur Fixe,PP,Semestre 2,"  10 000,00 € "
2023,20rjz,107257,LEROY MERLIN - 063,93110,ROSNY SOUS BOIS,285,Peinture,Permanent,TG Caisses,Signé,Valeur Fixe,PP,Semestre 2,"  1 500,00 € "
2022,20rjz,107257,LEROY MERLIN - 063,93110,ROSNY SOUS BOIS,285,Peinture,Permanent,TG CAISSE COLLES,,,,,"  1 500,00 € "
2022,20rjz,107257,LEROY MERLIN - 063,93110,ROSNY SOUS BOIS,285,Peinture,Permanent,PODIUM COLLES,,,,,"  3 000,00 € "
2022,20rjz,107257,LEROY MERLIN - 063,93110,ROSNY SOUS BOIS,285,Peinture,Permanent,CROSS MKT COLLES,,,,,"  5 000,00 € "
2022,20rjz,107257,LEROY MERLIN - 063,93110,ROSNY SOUS BOIS,285,Peinture,Permanent,PODIUM ALIMENTATION,,,,,"  2 500,00 € "
2022,20rjz,107257,LEROY MERLIN - 063,93110,ROSNY SOUS BOIS,285,Peinture,Permanent,PODIUM ISOL & ETANCH,,,,,"  3 000,00 € "
2022,20rjz,107257,LEROY MERLIN - 063,93110,ROSNY SOUS BOIS,285,Peinture,Permanent,CROSS MKT ISOL & ETANCH,,,,,"  5 000,00 € "
2022,20rjz,107257,LEROY MERLIN - 063,93110,ROSNY SOUS BOIS,285,Peinture,Permanent,MEA COLLES MASTICS,,,,,"  10 000,00 € "
2023,20rjp,1253966,LEROY MERLIN - 161,92500,RUEIL MALMAISON,311,Peinture,Permanent,Cross,Signé,Valeur Fixe,PP,Année complète,"  6 000,00 € "
2022,20rjp,1253966,LEROY MERLIN - 161,92500,RUEIL MALMAISON,311,Peinture,Permanent,TG MOUSSE EXP / ABHU,,,,,"  1 000,00 € "
2022,20rjp,1253966,LEROY MERLIN - 161,92500,RUEIL MALMAISON,311,Peinture,Permanent,CROSS MKT PEINTURE,,,,,"  6 000,00 € "
2022,20rjp,1253966,LEROY MERLIN - 161,92500,RUEIL MALMAISON,311,Peinture,Permanent,TG PEINTURE PREVENTES + TG,,,,,"  1 000,00 € "
2023,20nb8,1392809,LEROY MERLIN - 165,16800,SOYAUX,415,Peinture,Permanent,Cross,Signé,Valeur Fixe,PP,Année complète,"  2 000,00 € "
2022,20nb8,1392809,LEROY MERLIN - 165,16800,SOYAUX,415,Peinture,Permanent,CROSS MKT COLLES,,,,,"  2 000,00 € "
2023,20ny4,968708,LEROY MERLIN - 153,34130,ST AUNES,441,Peinture,Permanent,,Signé,Valeur Fixe,PP,Année complète,"  1 000,00 € "
2023,20pbd,107251,LEROY MERLIN - 054,49124,ST BARTHELEMY D ANJOU,460,Peinture,Permanent,TG/Podium,Signé,Valeur Fixe,PP,,"  8 000,00 € "
2023,20pbd,107251,LEROY MERLIN - 054,49124,ST BARTHELEMY D ANJOU,460,Peinture,Permanent,TG/Podium,Signé,Valeur Fixe,PP,,"  7 000,00 € "
2023,20pbd,107251,LEROY MERLIN - 054,49124,ST BARTHELEMY D ANJOU,460,Peinture,Permanent,TG/Podium,Signé,Valeur Fixe,PP,,"  7 000,00 € "
2023,20pbd,107251,LEROY MERLIN - 054,49124,ST BARTHELEMY D ANJOU,460,Plomberie,Promo,,Signé,Valeur Fixe,PP,Année complète,"  1 000,00 € "
2022,20pbd,107251,LEROY MERLIN - 054,49124,ST BARTHELEMY D ANJOU,460,Peinture,Permanent,CROSS MKT COLLES,,,,,"  8 000,00 € "
2022,20pbd,107251,LEROY MERLIN - 054,49124,ST BARTHELEMY D ANJOU,460,Peinture,Permanent,CROSS MKT PEINT EXT,,,,,"  7 000,00 € "
2022,20pbd,107251,LEROY MERLIN - 054,49124,ST BARTHELEMY D ANJOU,460,Plomberie,Promo,TG RUBSON,,,,,"  1 000,00 € "
2022,20pbd,107251,LEROY MERLIN - 054,49124,ST BARTHELEMY D ANJOU,460,Peinture,Permanent,CROSS MKT COLLES,,,,,"  7 000,00 € "
2022,20pf3,2476155,LEROY MERLIN - 198,53940,ST BERTHEVIN,497,Peinture,Promo,TG PATTEX,,,,,"  176,00 € "
2022,20pf3,2476155,LEROY MERLIN - 198,53940,ST BERTHEVIN,497,Menuiserie,Permanent,CROSS MKT COLLES,,,,,"  700,00 € "
2023,20pf3,2476155,LEROY MERLIN - 198,53940,ST BERTHEVIN,497,Peinture,Promo,Promotion,Signé,Valeur Fixe,PP,,"  194,00 € "
2023,20pf3,2476155,LEROY MERLIN - 198,53940,ST BERTHEVIN,497,Menuiserie,Permanent,Cross,Signé,Valeur Fixe,Gratuit,Année complète,"  500,00 € "
2023,20pf3,2476155,LEROY MERLIN - 198,53940,ST BERTHEVIN,497,Peinture,Permanent,,Signé,Valeur Fixe,PP,Année complète,"  700,00 € "
2023,20rjx,465567,LEROY MERLIN - 115,93216,ST DENIS,285,Plomberie,Permanent,TG/Podium,Signé,Valeur Fixe,PP,Année complète,"  3 500,00 € "
2022,20rjx,465567,LEROY MERLIN - 115,93216,ST DENIS,285,Peinture,Permanent,PODIUM TG SILICONE,,,,,"  3 500,00 € "
2022,20rjx,465567,LEROY MERLIN - 115,93216,ST DENIS,285,Plomberie,Permanent,CROSS MKT COLLES,,,,,"  3 500,00 € "
2023,20ncs,107222,LEROY MERLIN - 019,18230,ST DOULCHARD,350,Peinture,Permanent,,Signé,Valeur Fixe,PP,Année complète,"  3 500,00 € "
2022,20ncs,107222,LEROY MERLIN - 019,18230,ST DOULCHARD,350,Peinture,Permanent,CROSS MKT COLLES/MASTICS/MOUSSE EXP RUBSON/PATTEX/SG,,,,,"  2 500,00 € "
2022,20ncs,107222,LEROY MERLIN - 019,18230,ST DOULCHARD,350,Peinture,Permanent,CROSS MKT COLLES & MASTICS,,,,,"  600,00 € "
2022,20p1b,2435937,LEROY MERLIN - 194,38120,ST EGREVE,347,Peinture,Permanent,TG COLLES,,,,,"  1 654,00 € "
2022,20p1b,2435937,LEROY MERLIN - 194,38120,ST EGREVE,347,Menuiserie,Permanent,CROSS MKT PATTEX CARTOUCHE FIXATION,,,,,"  600,00 € "
2022,20p1b,2435937,LEROY MERLIN - 194,38120,ST EGREVE,347,Peinture,Permanent,TG COLLES ,,,,,"  1 000,00 € "
2023,20p1b,2435937,LEROY MERLIN - 194,38120,ST EGREVE,347,Menuiserie,Promo,Cross,Signé,Valeur Fixe,PP,,"  600,00 € "
2023,20p1b,2435937,LEROY MERLIN - 194,38120,ST EGREVE,347,Peinture,Permanent,TG/Podium,Signé,Valeur Fixe,PP,,"  1 203,00 € "
2023,20rhh,107224,LEROY MERLIN - 024,91700,ST GENEVIEVE DES BOIS,524,Peinture,Promo,TG/Podium,Signé,Valeur Fixe,PP,Année complète,"  10 000,00 € "
2023,20rhh,107224,LEROY MERLIN - 024,91700,ST GENEVIEVE DES BOIS,524,Plomberie,Promo,TG/Podium,Signé,Valeur Fixe,PP,Année complète,"  3 000,00 € "
2023,20rhh,107224,LEROY MERLIN - 024,91700,ST GENEVIEVE DES BOIS,524,Menuiserie,Permanent,TG/Podium,Signé,Valeur Fixe,PP,,"  1 100,00 € "
2023,20rhh,107224,LEROY MERLIN - 024,91700,ST GENEVIEVE DES BOIS,524,Peinture,Promo,TG/Podium,Signé,Valeur Fixe,PP,,"  1 000,00 € "
2023,20rhh,107224,LEROY MERLIN - 024,91700,ST GENEVIEVE DES BOIS,524,Peinture,Promo,TG/Podium,Signé,Valeur Fixe,PP,Ponctuelle,"  1 500,00 € "
2022,20rhh,107224,LEROY MERLIN - 024,91700,ST GENEVIEVE DES BOIS,524,Peinture,Promo,PODIUM ISOL & ETANCH,,,,,"  15 000,00 € "
2022,20rhh,107224,LEROY MERLIN - 024,91700,ST GENEVIEVE DES BOIS,524,Peinture,Promo,PODIUM RUBSON,,,,,"  3 000,00 € "
2022,20rhh,107224,LEROY MERLIN - 024,91700,ST GENEVIEVE DES BOIS,524,Peinture,Promo,CROSS MKT COLLES & MASTICS,,,,,"  2 220,00 € "
2023,20pr1,107241,LEROY MERLIN - 043,62280,ST MARTIN BOULOGNE,521,Peinture,Promo,,Signé,Valeur Fixe,PP,Trimestre 4,"  300,00 € "
2023,20pr1,107241,LEROY MERLIN - 043,62280,ST MARTIN BOULOGNE,521,Peinture,Promo,,Signé,Valeur Fixe,PP,Trimestre 3,"  860,00 € "
2023,20pr1,107241,LEROY MERLIN - 043,62280,ST MARTIN BOULOGNE,521,Peinture,Promo,,Signé,Valeur Fixe,PP,Semestre 2,"  1 900,00 € "
2022,20rk1,2615587,LEROY MERLIN - 089,93584,ST OUEN CEDEX,285,Peinture,Permanent,CROSS MKT COLLES,,,,,"  4 700,00 € "
2023,20rk1,2615587,LEROY MERLIN - 089,93584,ST OUEN CEDEX,285,Peinture,Permanent,Pack Visibilité GSB,Signé,Valeur Fixe,PP,Année complète,"  4 700,00 € "
2023,20rk1,2615587,LEROY MERLIN - 089,93584,ST OUEN CEDEX,285,Peinture,Promo,Cross,Signé,Valeur Fixe,PP,Trimestre 4,"  150,00 € "
2023,20p4t,1378115,LEROY MERLIN - 168,42270,ST PRIEST EN JAREZ,348,Peinture,Permanent,,Signé,Valeur Fixe,PP,Année complète,"  4 200,00 € "
2022,20p4t,1378115,LEROY MERLIN - 168,42270,ST PRIEST EN JAREZ,348,Peinture,Permanent,TG COLLES,,,,,"  2 000,00 € "
2022,20p4t,1378115,LEROY MERLIN - 168,42270,ST PRIEST EN JAREZ,348,Peinture,Permanent,CROSS MKT COLLES,,,,,"  2 400,00 € "
2022,20p4t,1378115,LEROY MERLIN - 168,42270,ST PRIEST EN JAREZ,348,Peinture,Permanent,TG CAISSE COLLES,,,,,"  2 700,00 € "
2023,20pvr,107239,LEROY MERLIN - 040,67200,STRASBOURG,523,Peinture,Permanent,Cross,Signé,Valeur Fixe,PP,,"  1 100,00 € "
2023,20pvr,107239,LEROY MERLIN - 040,67200,STRASBOURG,523,Peinture,Permanent,Cross,Signé,Valeur Fixe,PP,,"  3 000,00 € "
2023,20pvr,107239,LEROY MERLIN - 040,67200,STRASBOURG,523,Plomberie,Permanent,Cross,Signé,Valeur Fixe,PP,,"  300,00 € "
2023,20pxf,481385,LEROY MERLIN - 117,69811,TASSIN LA DEMI LUNE,348,Peinture,Permanent,,Signé,Valeur Fixe,PP,Année complète,"  3 100,00 € "
2023,20pxf,481385,LEROY MERLIN - 117,69811,TASSIN LA DEMI LUNE,348,Plomberie,Permanent,,Signé,Valeur Fixe,PP,Année complète,"  500,00 € "
2022,20pxf,481385,LEROY MERLIN - 117,69811,TASSIN LA DEMI LUNE,348,Plomberie,Permanent,CROSS MKT COLLES,,,,,"  3 100,00 € "
2023,20phk,782319,LEROY MERLIN - 146,56450,THEIX,444,Menuiserie,Permanent,TG/Podium,Signé,Valeur Fixe,PP,,"  600,00 € "
2023,20phk,782319,LEROY MERLIN - 146,56450,THEIX,444,Peinture,Permanent,,Signé,Valeur Fixe,PP,Année complète,"  3 000,00 € "
2022,20phk,782319,LEROY MERLIN - 146,56450,THEIX,444,Peinture,Permanent,CROSS MKT COLLES,,,,,"  1 500,00 € "
2022,20phk,782319,LEROY MERLIN - 146,56450,THEIX,444,Menuiserie,Permanent,CROSS MKT ALIMENTATION,,,,,"  500,00 € "
2022,20phk,782319,LEROY MERLIN - 146,56450,THEIX,444,Peinture,Permanent,CROSS MKT COLLES,,,,,"  1 500,00 € "
2022,20phk,782319,LEROY MERLIN - 146,56450,THEIX,444,Peinture,Permanent,CROSS MKT COLLES & MASTICS,,,,,"  3 000,00 € "
2023,20pbx,2151040,LEROY MERLIN - 179,50470,TOLLEVAST,478,Peinture,Permanent,TG/Podium,Signé,Valeur Fixe,PP,,"  600,00 € "
2022,20pbx,2151040,LEROY MERLIN - 179,50470,TOLLEVAST,478,Peinture,Permanent,CROSS MKT COLLES,,,,,"  800,00 € "
2023,20p0m,107254,LEROY MERLIN - 059,37075,TOURS,460,Peinture,Permanent,Pack Visibilité GSB,Signé,Valeur Fixe,PP,,"  2 000,00 € "
2022,20p0m,107254,LEROY MERLIN - 059,37075,TOURS,460,Peinture,Permanent,CROSS MKT COLLES,,,,,"  2 000,00 € "
2022,20p0m,107254,LEROY MERLIN - 059,37075,TOURS,460,Peinture,Permanent,CROSS MKT COLLES,,,,,"  2 000,00 € "
2022,20p0m,107254,LEROY MERLIN - 059,37075,TOURS,460,Peinture,Permanent,CROSS MKT COLLES,,,,,"  1 000,00 € "
2023,20r3p,107258,LEROY MERLIN - 064,76410,TOURVILLE LA RIVIERE,480,Peinture,Permanent,,Signé,Valeur Fixe,PP,Semestre 1,"  2 200,00 € "
2023,20r3p,107258,LEROY MERLIN - 064,76410,TOURVILLE LA RIVIERE,480,Peinture,Permanent,,Signé,Valeur Fixe,PP,Semestre 2,"  2 200,00 € "
2023,20r3p,107258,LEROY MERLIN - 064,76410,TOURVILLE LA RIVIERE,480,Menuiserie,Permanent,Cross,Signé,Valeur Fixe,PP,Année complète,"  1 000,00 € "
2023,20r3p,107258,LEROY MERLIN - 064,76410,TOURVILLE LA RIVIERE,480,Plomberie,Promo,TG/Podium,Signé,Valeur Fixe,PP,Ponctuelle,"  1 000,00 € "
2022,20r3p,107258,LEROY MERLIN - 064,76410,TOURVILLE LA RIVIERE,480,Peinture,Promo,MEA COLLES ,,,,,"  750,00 € "
2022,20r3p,107258,LEROY MERLIN - 064,76410,TOURVILLE LA RIVIERE,480,Menuiserie,Permanent,CROSS MKT COLLES MASTIC,,,,,"  1 400,00 € "
2022,20r3p,107258,LEROY MERLIN - 064,76410,TOURVILLE LA RIVIERE,480,Peinture,Promo,MEA COLLES ,,,,,"  750,00 € "
2022,20r3p,107258,LEROY MERLIN - 064,76410,TOURVILLE LA RIVIERE,480,Menuiserie,Permanent,CROSS MKT COLLES MASTIC,,,,,"  1 400,00 € "
2022,20r3p,107258,LEROY MERLIN - 064,76410,TOURVILLE LA RIVIERE,480,Peinture,Permanent,PODIUM COLLES / MASTICS,,,,,"  2 100,00 € "
2023,20p7b,733525,LEROY MERLIN - 296,44570,TRIGNAC,444,Peinture,Permanent,Pack Visibilité GSB,Signé,Valeur Fixe,PP,,"  2 500,00 € "
2023,20p7b,733525,LEROY MERLIN - 296,44570,TRIGNAC,444,Peinture,Permanent,Pack Visibilité GSB,Signé,Valeur Fixe,PP,,"  2 500,00 € "
2023,20p7b,733525,LEROY MERLIN - 296,44570,TRIGNAC,444,Menuiserie,Promo,TG/Podium,Signé,Valeur Fixe,PP,,"  400,00 € "
2022,20p7b,733525,LEROY MERLIN - 296,44570,TRIGNAC,444,Peinture,Permanent,CROSS MKT COLLES,,,,,"  2 500,00 € "
2022,20p7b,733525,LEROY MERLIN - 296,44570,TRIGNAC,444,Peinture,Permanent,CROSS MKT COLLES,,,,,"  2 500,00 € "
2023,20nmw,1441537,LEROY MERLIN - 166,26000,VALENCE,378,Peinture,Promo,,Signé,Valeur Fixe,PP,Année complète,"  589,73 € "
2023,20nmw,1441537,LEROY MERLIN - 166,26000,VALENCE,378,Peinture,Permanent,TG/Podium,Signé,Valeur Fixe,PP,Année complète,"  300,00 € "
2023,20nmw,1441537,LEROY MERLIN - 166,26000,VALENCE,378,Peinture,Permanent,Cross,Signé,Valeur Fixe,PP,Année complète,"  550,00 € "
2022,20nmw,1441537,LEROY MERLIN - 166,26000,VALENCE,378,Peinture,Permanent,CROSS MKT FT101,,,,,"  100,00 € "
2022,20nmw,1441537,LEROY MERLIN - 166,26000,VALENCE,378,Peinture,Permanent,TG CAISSE SG3,,,,,"  250,00 € "
2022,20nmw,1441537,LEROY MERLIN - 166,26000,VALENCE,378,Peinture,Permanent,TG ISOLATION & ETANCHEITE,,,,,"  357,43 € "
2022,20nmw,1441537,LEROY MERLIN - 166,26000,VALENCE,378,Peinture,Permanent,CROSS MKT MOUSSE & GLUE,,,,,"  400,00 € "
2022,20nmw,1441537,LEROY MERLIN - 166,26000,VALENCE,378,Peinture,Permanent,CROSS MKT FT101,,,,,"  700,00 € "
2022,20nmw,1441537,LEROY MERLIN - 166,26000,VALENCE,378,Peinture,Permanent,TG CAISSE SG3,,,,,"  250,00 € "
2022,20nmw,1441537,LEROY MERLIN - 166,26000,VALENCE,378,Peinture,Permanent,CROSS MKT FT101 / NCNV,,,,,"  312,50 € "
2022,20nmw,1441537,LEROY MERLIN - 166,26000,VALENCE,378,Peinture,Permanent,TG MOUSSE,,,,,"  400,00 € "
2023,20n4d,672387,LEROY MERLIN - 137,06220,VALLAURIS,380,Peinture,Permanent,Cross,Engagé,Valeur Fixe,PP,Année complète,"  360,00 € "
2023,20n4d,672387,LEROY MERLIN - 137,06220,VALLAURIS,380,Peinture,Permanent,TG Caisses,Engagé,Valeur Fixe,PP,Année complète,"  760,00 € "
2023,20n4d,672387,LEROY MERLIN - 137,06220,VALLAURIS,380,Peinture,Permanent,Cross,Engagé,Valeur Fixe,PP,Année complète,"  360,00 € "
2023,20n4d,672387,LEROY MERLIN - 137,06220,VALLAURIS,380,Peinture,Promo,TG/Podium,Engagé,Valeur Fixe,PP,Trimestre 1,"  400,00 € "
2022,20n4d,672387,LEROY MERLIN - 137,06220,VALLAURIS,380,Peinture,Promo,TG COLLES,,,,,"  180,00 € "
2022,20n4d,672387,LEROY MERLIN - 137,06220,VALLAURIS,380,Peinture,Promo,TG CAISSE COLLES,,,,,"  380,00 € "
2023,20pr2,107216,LEROY MERLIN - 012,62880,VENDIN LE VIEIL,521,Peinture,Promo,,Signé,Valeur Fixe,PP,Trimestre 1,"  1 200,00 € "
2023,20pr2,107216,LEROY MERLIN - 012,62880,VENDIN LE VIEIL,521,Peinture,Permanent,,Signé,Valeur Fixe,PP,Année complète,"  5 500,00 € "
2022,20pr2,107216,LEROY MERLIN - 012,62880,VENDIN LE VIEIL,521,Peinture,Promo,TG ISOLATION & ETANCHEITE,,,,,"  3 100,00 € "
2022,20pr2,107216,LEROY MERLIN - 012,62880,VENDIN LE VIEIL,521,Peinture,Promo,PODIUM MOUSSES / ABHU/ SILICONES,,,,,"  800,00 € "
2023,20uek,2755574,LEROY MERLIN - 085,69200,VENISSIEUX,348,Peinture,Permanent,TG Caisses,Signé,Valeur Fixe,PP,,"  1 440,00 € "
2023,20uek,2755574,LEROY MERLIN - 085,69200,VENISSIEUX,348,Peinture,Permanent,TG/Podium,Signé,Valeur Fixe,PP,,"  550,00 € "
2023,20uek,2755574,LEROY MERLIN - 085,69200,VENISSIEUX,348,Peinture,Permanent,TG/Podium,Signé,Valeur Fixe,PP,,"  550,00 € "
2023,20uek,2755574,LEROY MERLIN - 085,69200,VENISSIEUX,348,Peinture,Permanent,Cross,Signé,Valeur Fixe,PP,,"  3 700,00 € "
2023,20uek,2755574,LEROY MERLIN - 085,69200,VENISSIEUX,348,Peinture,Promo,TG/Podium,Signé,Valeur Fixe,PP,Ponctuelle,"  550,00 € "
2022,20uek,2755574,LEROY MERLIN - 085,69200,VENISSIEUX,348,Peinture,Promo,TG COLLES,,,,,"  416,00 € "
2022,20uek,2755574,LEROY MERLIN - 085,69200,VENISSIEUX,348,Peinture,Promo,TG COLLES,,,,,"  735,00 € "
2022,20uek,2755574,LEROY MERLIN - 085,69200,VENISSIEUX,348,Peinture,Promo,TG CAISSE COLLES,,,,,"  2 160,00 € "
2022,20uek,2755574,LEROY MERLIN - 085,69200,VENISSIEUX,348,Peinture,Permanent,CROSS MKT COLLES,,,,,"  2 550,00 € "
2023,20ppy,1253972,LEROY MERLIN - 164,62131,VERQUIN,521,Peinture,Promo,,Signé,Valeur Fixe,PP,Semestre 2,"  1 800,00 € "
2023,20ppy,1253972,LEROY MERLIN - 164,62131,VERQUIN,521,Peinture,Promo,,Signé,Valeur Fixe,PP,Semestre 1,"  2 000,00 € "
2023,20ppy,1253972,LEROY MERLIN - 164,62131,VERQUIN,521,Peinture,Promo,,Signé,Valeur Fixe,PP,Trimestre 4,"  453,00 € "
2023,20ppy,1253972,LEROY MERLIN - 164,62131,VERQUIN,521,Peinture,Promo,TG/Podium,Signé,Valeur Fixe,PP,Trimestre 1,"  1 800,00 € "
2022,20ppy,1253972,LEROY MERLIN - 164,62131,VERQUIN,521,Peinture,Promo,TG COLLES & MASTICS,,,,,"  1 002,00 € "
2022,20ppy,1253972,LEROY MERLIN - 164,62131,VERQUIN,521,Peinture,Permanent,CROSS MKT COLLES,,,,,"  2 250,00 € "
2022,20ppy,1253972,LEROY MERLIN - 164,62131,VERQUIN,521,Peinture,Permanent,CROSS MKT COLLES MASTIC,,,,,"  1 100,00 € "
2022,20pkx,107215,LEROY MERLIN - 011,59650,VILLENEUVE D'ASCQ,499,Peinture,Promo,TG ISOLATION & ETANCHEITE,,,,,"  724,41 € "
2022,20pkx,107215,LEROY MERLIN - 011,59650,VILLENEUVE D'ASCQ,499,Peinture,Promo,TG ISOLATION & ETANCHEITE,,,,,"  175,65 € "
2023,20pkx,107215,LEROY MERLIN - 011,59650,VILLENEUVE D'ASCQ,499,Peinture,Promo,,Signé,Valeur Fixe,PP,,"  1 895,68 € "
2023,20ueh,2723730,LEROY MERLIN - 101,34420,VILLENEUVE LES BEZIERS,441,Peinture,Permanent,Cross,Signé,Valeur Fixe,PP,Année complète,"  300,00 € "
2023,20rkj,134120,LEROY MERLIN - 021,94408,VITRY SUR SEINE,311,Peinture,Promo,,Signé,Valeur Fixe,PP,Trimestre 3,"  1 293,44 € "
2023,20rkj,134120,LEROY MERLIN - 021,94408,VITRY SUR SEINE,311,Plomberie,Permanent,TG/Podium,Signé,Valeur Fixe,PP,Année complète,"  2 000,00 € "
2022,20rkj,134120,LEROY MERLIN - 021,94408,VITRY SUR SEINE,311,Peinture,Promo,CROSS MKT ISOL & ETANCH,,,,,"  2 580,00 € "
2022,20rkj,134120,LEROY MERLIN - 021,94408,VITRY SUR SEINE,311,Peinture,Promo,PODIUM ISOL & ETANCH,,,,,"  500,00 € "
2022,20rkj,134120,LEROY MERLIN - 021,94408,VITRY SUR SEINE,311,Peinture,Promo,CROSS MKT ISOLATION & ETANCHEITE,,,,,"  1 500,00 € "
2022,20rkj,134120,LEROY MERLIN - 021,94408,VITRY SUR SEINE,311,Peinture,Promo,CROSS MKT ISOL & ETANCH,,,,,"  2 580,00 € "
2023,20pxm,1612695,LEROY MERLIN - 169,69390,VOURLES,348,Peinture,Promo,TG/Podium,Engagé,Valeur Fixe,PP,Année complète,"  350,00 € "
2023,20pxm,1612695,LEROY MERLIN - 169,69390,VOURLES,348,Peinture,Promo,Cross,Engagé,Valeur Fixe,PP,Année complète,"  1 000,00 € "
2022,20pxm,1612695,LEROY MERLIN - 169,69390,VOURLES,348,Peinture,Promo,CROSS MKT COLLES MASTICS RUBSON PATTEX,,,,,"  700,00 € "
2022,20pxm,1612695,LEROY MERLIN - 169,69390,VOURLES,348,Peinture,Promo,CROSS MKT COLL3ES MASTICS RUBSON PATTEX,,,,,"  1 400,00 € "
2023,20pkv,2171816,LEROY MERLIN - 183,59119,WAZIERS,521,Peinture,Promo,,Signé,Valeur Fixe,PP,Trimestre 3,"  1 033,00 € "
2023,20pkv,2171816,LEROY MERLIN - 183,59119,WAZIERS,521,Peinture,Promo,,Signé,Valeur Fixe,PP,Trimestre 4,"  1 200,00 € "
2022,20pkv,2171816,LEROY MERLIN - 183,59119,WAZIERS,521,Peinture,Promo,CROSS MKT COLLES,,,,,"  1 528,00 € "